IP 地址,已发送,已接收,丢包率,平均延迟,下载速度 (MB/s)
104.18.63.106,4,4,0.00,153.80,0.00
104.18.50.235,4,4,0.00,157.31,0.00
104.18.48.90,4,4,0.00,158.62,0.00
104.19.137.182,4,4,0.00,158.75,0.00
104.19.245.110,4,4,0.00,159.16,0.00
104.19.140.249,4,4,0.00,159.62,0.00
104.18.124.67,4,4,0.00,159.97,0.00
104.18.122.99,4,4,0.00,160.00,0.00
104.18.121.32,4,4,0.00,161.38,0.00
104.18.16.126,4,4,0.00,162.05,0.00
104.19.130.97,4,4,0.00,162.46,0.00
104.19.243.233,4,4,0.00,162.99,0.00
104.16.116.204,4,4,0.00,166.66,0.00
104.19.64.33,4,4,0.00,169.04,0.00
104.16.123.185,4,4,0.00,173.23,0.00
104.19.72.180,4,4,0.00,186.07,0.00
104.21.218.192,4,4,0.00,187.52,0.00
104.21.221.127,4,4,0.00,189.58,0.00
104.21.223.228,4,4,0.00,189.98,0.00
104.21.44.249,4,4,0.00,190.64,0.00
104.21.59.164,4,4,0.00,192.18,0.00
104.18.51.112,4,4,0.00,192.48,0.00
104.21.122.13,4,4,0.00,192.90,0.00
104.21.22.183,4,4,0.00,193.39,0.00
104.21.198.200,4,4,0.00,193.87,0.00
104.21.222.6,4,4,0.00,193.91,0.00
104.21.105.248,4,4,0.00,194.24,0.00
104.21.4.245,4,4,0.00,194.39,0.00
104.21.39.122,4,4,0.00,194.48,0.00
104.21.118.217,4,4,0.00,194.59,0.00
104.21.203.68,4,4,0.00,195.52,0.00
104.21.117.82,4,4,0.00,195.61,0.00
104.21.27.68,4,4,0.00,195.70,0.00
104.21.207.230,4,4,0.00,196.05,0.00
104.21.11.92,4,4,0.00,196.23,0.00
104.21.204.141,4,4,0.00,196.63,0.00
104.21.120.201,4,4,0.00,196.76,0.00
104.21.206.99,4,4,0.00,196.83,0.00
104.21.40.218,4,4,0.00,197.01,0.00
104.21.69.83,4,4,0.00,197.11,0.00
104.21.116.28,4,4,0.00,197.13,0.00
104.21.214.245,4,4,0.00,198.19,0.00
104.21.18.97,4,4,0.00,198.50,0.00
104.21.199.242,4,4,0.00,198.50,0.00
104.21.43.4,4,4,0.00,198.55,0.00
104.21.200.7,4,4,0.00,198.56,0.00
104.21.121.147,4,4,0.00,198.72,0.00
104.21.42.98,4,4,0.00,198.74,0.00
104.21.201.9,4,4,0.00,199.36,0.00
104.21.91.226,4,4,0.00,199.88,0.00
104.21.215.248,4,4,0.00,200.60,0.00
104.21.38.42,4,4,0.00,200.94,0.00
104.21.115.26,4,4,0.00,201.04,0.00
104.21.202.44,4,4,0.00,201.66,0.00
104.21.93.23,4,4,0.00,201.77,0.00
104.21.192.57,4,4,0.00,202.04,0.00
104.21.37.9,4,4,0.00,202.37,0.00
104.21.79.6,4,4,0.00,204.22,0.00
104.21.119.184,4,4,0.00,204.27,0.00
104.21.196.210,4,4,0.00,205.23,0.00
104.21.48.48,4,4,0.00,205.29,0.00
104.21.197.172,4,4,0.00,206.07,0.00
104.21.96.184,4,4,0.00,206.14,0.00
104.24.193.209,4,4,0.00,210.01,0.00
104.22.66.53,4,4,0.00,210.50,0.00
104.27.100.2,4,4,0.00,211.53,0.00
104.26.4.56,4,4,0.00,211.64,0.00
104.27.202.63,4,4,0.00,212.19,0.00
104.22.31.254,4,4,0.00,212.46,0.00
104.23.99.223,4,4,0.00,212.50,0.00
104.25.82.83,4,4,0.00,212.79,0.00
104.19.126.111,4,4,0.00,212.91,0.00
104.25.226.174,4,4,0.00,213.00,0.00
104.24.69.197,4,4,0.00,213.67,0.00
104.23.105.211,4,4,0.00,213.85,0.00
104.20.9.19,4,4,0.00,214.17,0.00
104.24.19.232,4,4,0.00,214.30,0.00
104.24.36.154,4,4,0.00,214.55,0.00
104.25.168.160,4,4,0.00,214.58,0.00
104.20.18.191,4,4,0.00,214.64,0.00
104.25.70.135,4,4,0.00,214.65,0.00
104.24.3.58,4,4,0.00,215.02,0.00
104.25.12.86,4,4,0.00,215.04,0.00
104.25.132.155,4,4,0.00,215.53,0.00
104.22.36.77,4,4,0.00,215.65,0.00
104.24.88.136,4,4,0.00,215.67,0.00
104.27.109.14,4,4,0.00,215.78,0.00
104.20.138.9,4,4,0.00,215.87,0.00
104.20.103.91,4,4,0.00,216.04,0.00
104.20.206.184,4,4,0.00,216.05,0.00
104.20.134.136,4,4,0.00,216.20,0.00
104.27.38.31,4,4,0.00,216.39,0.00
104.27.127.72,4,4,0.00,216.42,0.00
104.20.146.135,4,4,0.00,216.48,0.00
104.27.66.247,4,4,0.00,216.48,0.00
104.27.110.154,4,4,0.00,216.48,0.00
104.24.52.160,4,4,0.00,216.50,0.00
104.24.31.181,4,4,0.00,216.54,0.00
104.24.149.186,4,4,0.00,216.57,0.00
104.24.82.10,4,4,0.00,216.68,0.00
104.24.79.107,4,4,0.00,216.69,0.00
104.24.27.219,4,4,0.00,216.82,0.00
104.27.121.30,4,4,0.00,216.84,0.00
104.20.91.8,4,4,0.00,216.84,0.00
104.27.4.141,4,4,0.00,216.89,0.00
104.25.80.105,4,4,0.00,217.10,0.00
104.25.22.151,4,4,0.00,217.14,0.00
104.20.141.1,4,4,0.00,217.19,0.00
104.25.97.189,4,4,0.00,217.25,0.00
104.24.146.103,4,4,0.00,217.37,0.00
104.24.5.3,4,4,0.00,217.48,0.00
104.27.192.18,4,4,0.00,217.49,0.00
104.20.175.179,4,4,0.00,217.61,0.00
104.25.108.154,4,4,0.00,217.81,0.00
104.25.187.199,4,4,0.00,217.92,0.00
104.22.27.33,4,4,0.00,217.99,0.00
104.27.111.110,4,4,0.00,218.17,0.00
104.24.198.194,4,4,0.00,218.17,0.00
104.24.181.17,4,4,0.00,218.27,0.00
104.24.32.41,4,4,0.00,218.38,0.00
104.24.43.195,4,4,0.00,218.38,0.00
104.23.142.166,4,4,0.00,218.38,0.00
104.25.18.7,4,4,0.00,218.47,0.00
104.25.159.189,4,4,0.00,218.48,0.00
104.25.65.142,4,4,0.00,218.48,0.00
104.23.114.231,4,4,0.00,218.68,0.00
104.18.49.219,4,4,0.00,218.78,0.00
104.24.164.26,4,4,0.00,218.81,0.00
104.22.29.212,4,4,0.00,218.82,0.00
104.23.131.78,4,4,0.00,218.94,0.00
104.24.201.15,4,4,0.00,218.97,0.00
104.27.81.238,4,4,0.00,219.00,0.00
104.23.134.121,4,4,0.00,219.05,0.00
104.20.164.126,4,4,0.00,219.11,0.00
104.20.192.124,4,4,0.00,219.18,0.00
104.25.171.18,4,4,0.00,219.24,0.00
104.23.138.12,4,4,0.00,219.24,0.00
104.24.253.133,4,4,0.00,219.45,0.00
104.27.58.121,4,4,0.00,219.49,0.00
104.27.24.182,4,4,0.00,219.51,0.00
104.27.103.104,4,4,0.00,219.53,0.00
104.27.19.228,4,4,0.00,219.54,0.00
104.27.200.202,4,4,0.00,219.54,0.00
104.27.32.225,4,4,0.00,219.58,0.00
104.22.69.4,4,4,0.00,219.61,0.00
104.25.236.117,4,4,0.00,219.65,0.00
104.20.127.40,4,4,0.00,219.72,0.00
104.25.30.36,4,4,0.00,219.90,0.00
104.24.237.89,4,4,0.00,219.90,0.00
104.24.81.113,4,4,0.00,219.97,0.00
104.20.213.130,4,4,0.00,220.00,0.00
104.27.9.198,4,4,0.00,220.03,0.00
104.24.247.247,4,4,0.00,220.06,0.00
104.24.72.166,4,4,0.00,220.12,0.00
104.20.215.156,4,4,0.00,220.15,0.00
104.24.195.215,4,4,0.00,220.24,0.00
104.24.38.200,4,4,0.00,220.25,0.00
104.24.203.179,4,4,0.00,220.31,0.00
104.25.89.17,4,4,0.00,220.58,0.00
104.24.160.205,4,4,0.00,220.59,0.00
104.25.128.129,4,4,0.00,220.62,0.00
104.24.199.131,4,4,0.00,220.81,0.00
104.20.239.217,4,4,0.00,220.91,0.00
104.24.159.148,4,4,0.00,220.96,0.00
104.24.182.59,4,4,0.00,220.98,0.00
104.25.11.119,4,4,0.00,221.01,0.00
104.25.94.222,4,4,0.00,221.43,0.00
104.25.24.46,4,4,0.00,221.48,0.00
104.22.38.153,4,4,0.00,221.51,0.00
104.24.7.53,4,4,0.00,221.59,0.00
104.26.7.232,4,4,0.00,221.63,0.00
104.22.34.183,4,4,0.00,221.66,0.00
104.20.48.103,4,4,0.00,221.68,0.00
104.26.8.149,4,4,0.00,221.88,0.00
104.20.34.22,4,4,0.00,221.91,0.00
104.25.255.106,4,4,0.00,221.94,0.00
104.20.135.216,4,4,0.00,222.04,0.00
104.24.74.66,4,4,0.00,222.12,0.00
104.27.108.8,4,4,0.00,222.17,0.00
104.24.216.140,4,4,0.00,222.19,0.00
104.25.19.113,4,4,0.00,222.30,0.00
104.20.212.118,4,4,0.00,222.35,0.00
104.27.33.53,4,4,0.00,222.38,0.00
104.27.14.45,4,4,0.00,222.40,0.00
104.24.77.225,4,4,0.00,222.55,0.00
104.27.112.71,4,4,0.00,222.57,0.00
104.20.147.136,4,4,0.00,222.57,0.00
104.24.6.185,4,4,0.00,222.58,0.00
104.27.3.114,4,4,0.00,222.59,0.00
104.25.126.66,4,4,0.00,222.81,0.00
104.22.3.67,4,4,0.00,222.87,0.00
104.20.218.210,4,4,0.00,222.90,0.00
104.24.16.56,4,4,0.00,222.92,0.00
104.24.39.82,4,4,0.00,222.96,0.00
104.25.148.129,4,4,0.00,222.98,0.00
104.27.120.83,4,4,0.00,223.06,0.00
104.27.5.148,4,4,0.00,223.10,0.00
104.26.10.20,4,4,0.00,223.17,0.00
104.20.216.239,4,4,0.00,223.20,0.00
104.20.196.36,4,4,0.00,223.24,0.00
104.26.0.93,4,4,0.00,223.37,0.00
104.25.120.140,4,4,0.00,223.47,0.00
104.25.180.47,4,4,0.00,223.51,0.00
104.24.64.248,4,4,0.00,223.57,0.00
104.24.248.101,4,4,0.00,223.60,0.00
104.27.26.15,4,4,0.00,223.64,0.00
104.20.155.77,4,4,0.00,223.70,0.00
104.22.30.252,4,4,0.00,223.71,0.00
104.20.121.176,4,4,0.00,223.75,0.00
104.23.136.7,4,4,0.00,223.76,0.00
104.27.17.63,4,4,0.00,223.84,0.00
104.27.29.202,4,4,0.00,223.84,0.00
104.25.179.43,4,4,0.00,223.88,0.00
104.20.24.245,4,4,0.00,223.88,0.00
104.24.154.150,4,4,0.00,223.89,0.00
104.24.155.212,4,4,0.00,223.91,0.00
104.20.22.164,4,4,0.00,223.97,0.00
104.22.24.251,4,4,0.00,223.98,0.00
104.27.196.41,4,4,0.00,224.00,0.00
104.23.141.154,4,4,0.00,224.06,0.00
104.24.133.18,4,4,0.00,224.09,0.00
104.24.1.167,4,4,0.00,224.10,0.00
104.24.2.236,4,4,0.00,224.23,0.00
104.23.122.225,4,4,0.00,224.26,0.00
104.24.157.186,4,4,0.00,224.30,0.00
104.24.197.19,4,4,0.00,224.32,0.00
104.23.103.57,4,4,0.00,224.33,0.00
104.22.25.36,4,4,0.00,224.33,0.00
104.20.73.149,4,4,0.00,224.36,0.00
104.20.59.112,4,4,0.00,224.42,0.00
104.24.184.96,4,4,0.00,224.43,0.00
104.27.63.187,4,4,0.00,224.50,0.00
104.22.42.185,4,4,0.00,224.54,0.00
104.24.4.232,4,4,0.00,224.57,0.00
104.25.75.222,4,4,0.00,224.63,0.00
104.27.102.180,4,4,0.00,224.66,0.00
104.20.170.38,4,4,0.00,224.83,0.00
104.25.140.66,4,4,0.00,225.00,0.00
104.27.195.160,4,4,0.00,225.17,0.00
104.27.115.219,4,4,0.00,225.18,0.00
104.27.31.140,4,4,0.00,225.19,0.00
104.20.154.94,4,4,0.00,225.19,0.00
104.25.154.70,4,4,0.00,225.23,0.00
104.20.85.42,4,4,0.00,225.25,0.00
104.25.190.158,4,4,0.00,225.30,0.00
104.23.106.253,4,4,0.00,225.30,0.00
104.23.108.157,4,4,0.00,225.33,0.00
104.27.47.163,4,4,0.00,225.37,0.00
104.20.238.147,4,4,0.00,225.39,0.00
104.24.20.135,4,4,0.00,225.40,0.00
104.20.185.74,4,4,0.00,225.44,0.00
104.26.9.184,4,4,0.00,225.46,0.00
104.26.2.20,4,4,0.00,225.59,0.00
104.24.63.213,4,4,0.00,225.65,0.00
104.25.160.4,4,4,0.00,225.66,0.00
104.25.45.194,4,4,0.00,225.75,0.00
104.27.205.214,4,4,0.00,225.77,0.00
104.25.9.125,4,4,0.00,225.77,0.00
104.24.231.97,4,4,0.00,225.82,0.00
104.24.174.172,4,4,0.00,225.87,0.00
104.27.36.25,4,4,0.00,225.99,0.00
104.25.83.134,4,4,0.00,225.99,0.00
104.22.10.77,4,4,0.00,226.08,0.00
104.26.14.251,4,4,0.00,226.10,0.00
104.24.50.79,4,4,0.00,226.24,0.00
104.24.15.253,4,4,0.00,226.26,0.00
104.20.68.69,4,4,0.00,226.28,0.00
104.20.47.61,4,4,0.00,226.36,0.00
104.20.124.51,4,4,0.00,226.43,0.00
104.20.31.123,4,4,0.00,226.61,0.00
104.20.108.85,4,4,0.00,226.62,0.00
104.24.129.16,4,4,0.00,226.66,0.00
104.22.18.53,4,4,0.00,226.73,0.00
104.20.205.111,4,4,0.00,226.87,0.00
104.24.18.41,4,4,0.00,226.90,0.00
104.27.118.29,4,4,0.00,226.97,0.00
104.23.98.66,4,4,0.00,226.99,0.00
104.22.28.6,4,4,0.00,227.00,0.00
104.25.183.7,4,4,0.00,227.05,0.00
104.24.34.184,4,4,0.00,227.05,0.00
104.27.117.162,4,4,0.00,227.29,0.00
104.20.33.1,4,4,0.00,227.59,0.00
104.25.127.96,4,4,0.00,227.70,0.00
104.27.194.232,4,4,0.00,227.82,0.00
104.25.113.138,4,4,0.00,227.92,0.00
104.24.225.66,4,4,0.00,227.98,0.00
104.27.50.207,4,4,0.00,227.98,0.00
104.24.179.210,4,4,0.00,228.08,0.00
104.20.231.30,4,4,0.00,228.14,0.00
104.27.57.55,4,4,0.00,228.15,0.00
104.20.156.122,4,4,0.00,228.38,0.00
104.20.177.37,4,4,0.00,228.51,0.00
104.20.236.149,4,4,0.00,228.52,0.00
104.24.0.12,4,4,0.00,228.53,0.00
104.20.106.26,4,4,0.00,228.68,0.00
104.25.223.220,4,4,0.00,229.26,0.00
104.23.102.94,4,4,0.00,229.60,0.00
104.27.80.111,4,4,0.00,229.86,0.00
104.20.246.172,4,4,0.00,229.93,0.00
104.20.65.209,4,4,0.00,230.00,0.00
104.25.58.206,4,4,0.00,230.21,0.00
104.22.33.123,4,4,0.00,230.91,0.00
104.23.101.71,4,4,0.00,230.93,0.00
104.25.116.51,4,4,0.00,230.97,0.00
104.22.14.115,4,4,0.00,231.31,0.00
104.27.30.212,4,4,0.00,231.66,0.00
104.27.12.28,4,4,0.00,231.86,0.00
104.20.82.178,4,4,0.00,232.43,0.00
104.20.25.160,4,4,0.00,232.58,0.00
104.27.45.44,4,4,0.00,233.12,0.00
104.24.42.81,4,4,0.00,233.19,0.00
104.24.14.134,4,4,0.00,233.20,0.00
104.27.104.111,4,4,0.00,233.20,0.00
104.20.66.104,4,4,0.00,233.28,0.00
104.24.167.128,4,4,0.00,233.44,0.00
104.20.152.30,4,4,0.00,233.66,0.00
104.25.32.87,4,4,0.00,233.68,0.00
104.24.153.171,4,4,0.00,233.70,0.00
104.27.7.246,4,4,0.00,234.37,0.00
104.24.222.114,4,4,0.00,234.70,0.00
104.24.205.247,4,4,0.00,235.03,0.00
104.25.15.96,4,4,0.00,235.08,0.00
104.25.158.173,4,4,0.00,235.98,0.00
104.22.26.165,4,4,0.00,236.02,0.00
104.25.96.2,4,4,0.00,236.27,0.00
104.25.135.135,4,4,0.00,236.39,0.00
104.25.23.98,4,4,0.00,236.89,0.00
104.20.119.1,4,4,0.00,237.06,0.00
104.19.58.169,4,4,0.00,237.21,0.00
104.23.135.174,4,4,0.00,237.88,0.00
104.23.139.86,4,4,0.00,237.95,0.00
104.24.93.174,4,4,0.00,238.92,0.00
104.22.23.217,4,4,0.00,240.36,0.00
104.23.140.24,4,4,0.00,241.27,0.00
104.24.75.210,4,4,0.00,242.03,0.00
104.17.86.254,4,4,0.00,242.27,0.00
104.24.71.207,4,4,0.00,242.36,0.00
104.19.66.33,4,4,0.00,243.08,0.00
104.22.16.125,4,4,0.00,243.11,0.00
104.19.16.29,4,4,0.00,243.30,0.00
104.18.176.241,4,4,0.00,243.74,0.00
104.25.100.101,4,4,0.00,250.07,0.00
104.19.117.28,4,4,0.00,250.29,0.00
104.31.0.9,4,4,0.00,251.36,0.00
104.24.26.108,4,4,0.00,251.76,0.00
104.17.149.240,4,4,0.00,252.33,0.00
104.27.13.141,4,4,0.00,252.70,0.00
104.25.110.148,4,4,0.00,252.89,0.00
104.19.77.82,4,4,0.00,253.56,0.00
104.17.102.62,4,4,0.00,253.67,0.00
104.19.109.151,4,4,0.00,257.05,0.00
104.19.61.100,4,4,0.00,257.37,0.00
104.17.213.1,4,4,0.00,257.39,0.00
104.16.66.4,4,4,0.00,257.48,0.00
104.19.93.118,4,4,0.00,258.35,0.00
104.17.237.176,4,4,0.00,263.26,0.00
104.18.94.116,4,4,0.00,263.57,0.00
104.17.70.6,4,4,0.00,266.00,0.00
104.17.31.39,4,4,0.00,266.50,0.00
104.19.21.72,4,4,0.00,267.09,0.00
104.18.175.32,4,4,0.00,267.40,0.00
104.16.205.40,4,4,0.00,271.89,0.00
104.19.13.204,4,4,0.00,272.18,0.00
104.17.255.109,4,4,0.00,273.45,0.00
104.16.243.45,4,4,0.00,274.79,0.00
104.17.208.67,4,4,0.00,276.07,0.00
104.18.161.50,4,4,0.00,277.38,0.00
104.17.46.13,4,4,0.00,278.71,0.00
104.17.77.119,4,4,0.00,278.84,0.00
104.16.43.205,4,4,0.00,279.22,0.00
104.17.183.214,4,4,0.00,282.41,0.00
104.18.189.7,4,4,0.00,283.59,0.00
104.16.24.193,4,4,0.00,283.66,0.00
104.16.33.120,4,4,0.00,287.35,0.00
104.16.234.64,4,4,0.00,287.97,0.00
104.18.86.128,4,4,0.00,288.58,0.00
104.18.87.225,4,4,0.00,290.79,0.00
104.19.239.74,4,4,0.00,292.42,0.00
104.17.217.197,4,4,0.00,293.11,0.00
104.17.192.250,4,4,0.00,294.68,0.00
104.18.9.232,4,4,0.00,296.05,0.00
104.16.144.111,4,4,0.00,296.63,0.00
104.16.210.81,4,4,0.00,297.68,0.00
104.16.150.236,4,4,0.00,298.39,0.00
104.17.63.101,4,4,0.00,300.61,0.00
104.16.104.163,4,4,0.00,302.37,0.00
104.16.93.180,4,4,0.00,302.62,0.00
104.17.186.251,4,4,0.00,303.80,0.00
104.17.243.113,4,4,0.00,304.63,0.00
104.17.241.175,4,4,0.00,304.77,0.00
104.16.97.9,4,4,0.00,306.19,0.00
104.16.128.7,4,4,0.00,306.26,0.00
104.18.182.203,4,4,0.00,307.39,0.00
104.16.140.194,4,4,0.00,307.47,0.00
104.18.230.247,4,4,0.00,307.74,0.00
104.16.213.94,4,4,0.00,308.05,0.00
104.17.67.156,4,4,0.00,308.81,0.00
104.17.66.145,4,4,0.00,309.09,0.00
104.17.182.253,4,4,0.00,309.61,0.00
104.16.147.78,4,4,0.00,309.98,0.00
104.17.85.146,4,4,0.00,310.07,0.00
104.19.55.228,4,4,0.00,311.36,0.00
104.17.59.93,4,4,0.00,312.83,0.00
104.19.185.184,4,4,0.00,312.90,0.00
104.18.156.236,4,4,0.00,313.14,0.00
104.17.25.253,4,4,0.00,314.39,0.00
104.17.197.236,4,4,0.00,314.89,0.00
104.16.96.45,4,4,0.00,315.66,0.00
104.18.80.129,4,4,0.00,315.98,0.00
104.16.211.93,4,4,0.00,316.42,0.00
104.18.245.216,4,4,0.00,316.66,0.00
104.16.169.107,4,4,0.00,317.00,0.00
104.17.4.61,4,4,0.00,317.80,0.00
104.16.201.155,4,4,0.00,318.46,0.00
104.18.221.126,4,4,0.00,319.36,0.00
104.16.252.110,4,4,0.00,321.51,0.00
104.19.226.159,4,4,0.00,322.36,0.00
104.16.164.243,4,4,0.00,322.78,0.00
104.18.169.213,4,4,0.00,322.79,0.00
104.17.195.242,4,4,0.00,323.37,0.00
104.31.16.52,4,4,0.00,323.95,0.00
104.19.237.34,4,4,0.00,323.95,0.00
104.18.165.11,4,4,0.00,324.30,0.00
104.16.48.82,4,4,0.00,324.39,0.00
104.17.74.170,4,4,0.00,325.29,0.00
104.18.154.0,4,4,0.00,325.65,0.00
104.17.164.18,4,4,0.00,326.09,0.00
104.16.218.249,4,4,0.00,326.13,0.00
104.16.250.10,4,4,0.00,326.27,0.00
104.17.226.4,4,4,0.00,326.49,0.00
104.17.57.100,4,4,0.00,326.90,0.00
104.17.222.130,4,4,0.00,326.98,0.00
104.16.138.160,4,4,0.00,327.35,0.00
104.17.83.139,4,4,0.00,328.01,0.00
104.16.102.234,4,4,0.00,328.60,0.00
104.16.94.58,4,4,0.00,329.67,0.00
104.19.187.71,4,4,0.00,330.10,0.00
104.17.49.243,4,4,0.00,330.10,0.00
104.19.215.164,4,4,0.00,330.82,0.00
104.19.4.10,4,4,0.00,330.99,0.00
104.19.227.79,4,4,0.00,331.14,0.00
104.17.196.4,4,4,0.00,331.41,0.00
104.17.24.82,4,4,0.00,332.16,0.00
104.18.39.108,4,4,0.00,332.81,0.00
104.16.80.99,4,4,0.00,333.34,0.00
104.18.216.93,4,4,0.00,333.52,0.00
104.16.246.4,4,4,0.00,334.36,0.00
104.18.163.1,4,4,0.00,334.46,0.00
104.17.203.181,4,4,0.00,334.66,0.00
104.19.231.181,4,4,0.00,335.46,0.00
104.16.78.98,4,4,0.00,336.38,0.00
104.17.29.8,4,4,0.00,336.83,0.00
104.16.167.167,4,4,0.00,336.87,0.00
104.18.74.107,4,4,0.00,336.87,0.00
104.19.25.109,4,4,0.00,337.21,0.00
104.18.11.183,4,4,0.00,337.68,0.00
104.18.132.19,4,4,0.00,337.74,0.00
104.18.166.122,4,4,0.00,340.10,0.00
104.16.241.184,4,4,0.00,341.35,0.00
104.16.223.99,4,4,0.00,341.90,0.00
104.16.9.75,4,4,0.00,341.94,0.00
104.17.204.1,4,4,0.00,342.86,0.00
104.16.110.62,4,4,0.00,343.58,0.00
104.17.94.88,4,4,0.00,343.73,0.00
104.16.11.153,4,4,0.00,344.22,0.00
104.18.2.196,4,4,0.00,344.44,0.00
104.17.175.0,4,4,0.00,344.50,0.00
104.19.188.42,4,4,0.00,345.12,0.00
104.18.229.52,4,4,0.00,345.54,0.00
104.16.129.89,4,4,0.00,346.39,0.00
104.17.5.81,4,4,0.00,346.92,0.00
104.18.91.189,4,4,0.00,347.09,0.00
104.16.219.159,4,4,0.00,347.29,0.00
104.16.8.209,4,4,0.00,348.70,0.00
104.17.103.145,4,4,0.00,348.80,0.00
104.18.7.222,4,4,0.00,349.06,0.00
104.17.181.219,4,4,0.00,349.51,0.00
104.17.126.123,4,4,0.00,350.23,0.00
104.19.36.104,4,4,0.00,350.74,0.00
104.16.202.202,4,4,0.00,351.56,0.00
104.16.185.161,4,4,0.00,352.00,0.00
104.18.160.136,4,4,0.00,352.20,0.00
104.19.219.73,4,4,0.00,352.23,0.00
104.18.73.219,4,4,0.00,352.57,0.00
104.17.9.229,4,4,0.00,352.74,0.00
104.18.67.51,4,4,0.00,352.93,0.00
104.19.65.64,4,4,0.00,353.38,0.00
104.17.193.205,4,4,0.00,353.42,0.00
104.19.39.230,4,4,0.00,353.46,0.00
104.17.7.237,4,4,0.00,353.68,0.00
104.17.194.100,4,4,0.00,353.93,0.00
104.16.82.254,4,4,0.00,354.02,0.00
104.16.235.164,4,4,0.00,354.09,0.00
104.17.10.39,4,4,0.00,354.23,0.00
104.18.153.243,4,4,0.00,355.43,0.00
104.16.214.230,4,4,0.00,355.43,0.00
104.16.55.96,4,4,0.00,355.69,0.00
104.18.242.154,4,4,0.00,355.84,0.00
104.18.72.214,4,4,0.00,355.87,0.00
104.16.145.129,4,4,0.00,356.34,0.00
104.19.234.147,4,4,0.00,357.02,0.00
104.16.25.169,4,4,0.00,357.79,0.00
104.19.73.51,4,4,0.00,357.88,0.00
104.18.81.60,4,4,0.00,357.98,0.00
104.19.108.123,4,4,0.00,361.22,0.00
104.16.2.218,4,4,0.00,361.67,0.00
104.19.5.205,4,4,0.00,361.71,0.00
104.18.95.198,4,4,0.00,362.85,0.00
104.18.5.230,4,4,0.00,363.00,0.00
104.17.53.178,4,4,0.00,363.69,0.00
104.16.221.160,4,4,0.00,365.09,0.00
104.16.254.153,4,4,0.00,365.42,0.00
104.18.70.60,4,4,0.00,365.59,0.00
104.19.68.81,4,4,0.00,366.03,0.00
104.19.149.28,4,4,0.00,366.64,0.00
104.18.46.87,4,4,0.00,366.69,0.00
104.16.132.31,4,4,0.00,367.32,0.00
104.19.145.133,4,4,0.00,367.34,0.00
104.16.37.220,4,4,0.00,368.05,0.00
104.19.236.17,4,4,0.00,368.20,0.00
104.18.243.222,4,4,0.00,368.29,0.00
104.17.54.9,4,4,0.00,368.50,0.00
104.18.254.183,4,4,0.00,369.07,0.00
104.16.212.156,4,4,0.00,369.19,0.00
104.19.182.88,4,4,0.00,369.42,0.00
104.17.202.101,4,4,0.00,369.98,0.00
104.16.222.143,4,4,0.00,372.53,0.00
104.19.114.233,4,4,0.00,372.94,0.00
104.16.13.166,4,4,0.00,373.34,0.00
104.18.172.80,4,4,0.00,373.66,0.00
104.19.220.91,4,4,0.00,375.40,0.00
104.19.218.165,4,4,0.00,376.11,0.00
104.17.216.242,4,4,0.00,377.39,0.00
104.17.209.46,4,4,0.00,378.24,0.00
104.19.151.196,4,4,0.00,378.76,0.00
104.16.65.157,4,4,0.00,379.11,0.00
104.19.144.194,4,4,0.00,379.63,0.00
104.17.212.42,4,4,0.00,380.90,0.00
104.16.31.146,4,4,0.00,382.98,0.00
104.18.1.73,4,4,0.00,383.10,0.00
104.16.141.148,4,4,0.00,385.03,0.00
104.17.227.154,4,4,0.00,387.44,0.00
104.18.82.169,4,4,0.00,388.45,0.00
104.16.131.232,4,4,0.00,389.50,0.00
104.16.156.40,4,4,0.00,392.54,0.00
104.17.210.59,4,4,0.00,392.58,0.00
104.16.162.110,4,4,0.00,394.36,0.00
104.19.118.161,4,4,0.00,403.69,0.00
104.19.57.49,4,4,0.00,516.73,0.00
104.18.62.245,4,3,0.25,155.85,0.00
104.19.240.114,4,3,0.25,157.82,0.00
104.18.126.173,4,3,0.25,158.28,0.00
104.19.138.172,4,3,0.25,158.42,0.00
104.21.228.24,4,3,0.25,158.60,0.00
104.18.24.196,4,3,0.25,158.99,0.00
104.19.133.250,4,3,0.25,159.34,0.00
104.19.136.27,4,3,0.25,159.45,0.00
104.19.139.35,4,3,0.25,159.46,0.00
104.19.246.98,4,3,0.25,159.90,0.00
104.21.224.139,4,3,0.25,160.02,0.00
104.18.114.12,4,3,0.25,160.33,0.00
104.18.20.218,4,3,0.25,160.61,0.00
104.19.134.140,4,3,0.25,160.86,0.00
104.19.128.43,4,3,0.25,161.06,0.00
104.18.125.118,4,3,0.25,161.11,0.00
104.19.129.22,4,3,0.25,161.96,0.00
104.19.135.123,4,3,0.25,162.07,0.00
104.19.78.72,4,3,0.25,162.53,0.00
104.19.131.76,4,3,0.25,162.84,0.00
104.18.123.116,4,3,0.25,163.17,0.00
104.19.132.102,4,3,0.25,163.75,0.00
104.19.141.81,4,3,0.25,165.12,0.00
104.21.226.225,4,3,0.25,165.77,0.00
104.16.126.125,4,3,0.25,166.21,0.00
104.16.118.139,4,3,0.25,166.76,0.00
104.16.119.37,4,3,0.25,166.91,0.00
104.19.67.147,4,3,0.25,167.62,0.00
104.16.121.94,4,3,0.25,167.99,0.00
104.16.122.196,4,3,0.25,169.48,0.00
104.16.125.203,4,3,0.25,170.79,0.00
104.16.114.184,4,3,0.25,171.27,0.00
104.16.117.109,4,3,0.25,171.47,0.00
104.16.113.248,4,3,0.25,172.70,0.00
104.16.115.78,4,3,0.25,177.27,0.00
104.21.126.49,4,3,0.25,184.08,0.00
104.21.124.91,4,3,0.25,187.20,0.00
104.21.24.246,4,3,0.25,187.45,0.00
104.21.50.50,4,3,0.25,190.12,0.00
104.21.63.219,4,3,0.25,190.68,0.00
104.21.51.246,4,3,0.25,190.78,0.00
104.21.123.43,4,3,0.25,190.99,0.00
104.21.112.218,4,3,0.25,191.09,0.00
104.21.73.202,4,3,0.25,191.45,0.00
104.21.58.92,4,3,0.25,191.94,0.00
104.21.53.67,4,3,0.25,192.47,0.00
104.21.208.192,4,3,0.25,193.97,0.00
104.21.217.43,4,3,0.25,194.38,0.00
104.21.52.172,4,3,0.25,194.60,0.00
104.21.45.112,4,3,0.25,195.05,0.00
104.21.49.101,4,3,0.25,195.11,0.00
104.21.127.46,4,3,0.25,196.58,0.00
104.21.1.163,4,3,0.25,196.90,0.00
104.21.47.154,4,3,0.25,198.27,0.00
104.21.41.218,4,3,0.25,198.40,0.00
104.21.125.79,4,3,0.25,198.45,0.00
104.21.113.76,4,3,0.25,199.20,0.00
104.21.46.174,4,3,0.25,199.25,0.00
104.21.104.205,4,3,0.25,199.68,0.00
104.21.12.227,4,3,0.25,200.83,0.00
104.21.101.250,4,3,0.25,201.57,0.00
104.21.20.125,4,3,0.25,203.12,0.00
104.21.205.86,4,3,0.25,204.29,0.00
104.21.81.74,4,3,0.25,205.34,0.00
104.21.62.233,4,3,0.25,205.53,0.00
104.19.46.4,4,3,0.25,207.06,0.00
104.21.28.71,4,3,0.25,208.40,0.00
104.19.34.90,4,3,0.25,209.73,0.00
104.27.44.251,4,3,0.25,211.92,0.00
104.25.25.111,4,3,0.25,211.94,0.00
104.20.71.142,4,3,0.25,212.03,0.00
104.25.250.223,4,3,0.25,212.04,0.00
104.25.177.128,4,3,0.25,212.29,0.00
104.20.6.150,4,3,0.25,212.48,0.00
104.27.96.52,4,3,0.25,213.33,0.00
104.24.147.68,4,3,0.25,213.54,0.00
104.22.68.77,4,3,0.25,213.62,0.00
104.22.32.170,4,3,0.25,213.82,0.00
104.24.251.91,4,3,0.25,213.83,0.00
104.20.182.42,4,3,0.25,213.85,0.00
104.20.176.49,4,3,0.25,213.92,0.00
104.27.126.209,4,3,0.25,213.92,0.00
104.27.65.29,4,3,0.25,214.06,0.00
104.16.87.45,4,3,0.25,214.08,0.00
104.24.83.81,4,3,0.25,214.29,0.00
104.20.145.151,4,3,0.25,214.31,0.00
104.22.55.10,4,3,0.25,214.33,0.00
104.27.20.186,4,3,0.25,214.55,0.00
104.24.84.95,4,3,0.25,214.60,0.00
104.24.80.38,4,3,0.25,214.80,0.00
104.20.131.208,4,3,0.25,214.83,0.00
104.25.8.126,4,3,0.25,214.90,0.00
104.25.5.87,4,3,0.25,214.92,0.00
104.20.232.224,4,3,0.25,214.94,0.00
104.25.241.173,4,3,0.25,215.31,0.00
104.20.122.40,4,3,0.25,215.44,0.00
104.25.107.65,4,3,0.25,215.47,0.00
104.25.240.174,4,3,0.25,215.55,0.00
104.27.46.226,4,3,0.25,215.60,0.00
104.27.199.11,4,3,0.25,215.70,0.00
104.23.104.88,4,3,0.25,215.82,0.00
104.20.123.155,4,3,0.25,215.88,0.00
104.19.50.55,4,3,0.25,215.92,0.00
104.24.243.245,4,3,0.25,216.06,0.00
104.25.247.97,4,3,0.25,216.13,0.00
104.24.73.205,4,3,0.25,216.32,0.00
104.25.147.53,4,3,0.25,216.33,0.00
104.20.120.134,4,3,0.25,216.50,0.00
104.23.107.127,4,3,0.25,216.56,0.00
104.25.136.48,4,3,0.25,216.62,0.00
104.24.161.67,4,3,0.25,216.62,0.00
104.20.45.185,4,3,0.25,216.65,0.00
104.25.218.68,4,3,0.25,216.80,0.00
104.20.26.185,4,3,0.25,216.84,0.00
104.27.42.234,4,3,0.25,216.92,0.00
104.23.143.125,4,3,0.25,216.99,0.00
104.27.82.254,4,3,0.25,217.22,0.00
104.27.97.91,4,3,0.25,217.23,0.00
104.27.16.109,4,3,0.25,217.26,0.00
104.25.73.110,4,3,0.25,217.34,0.00
104.20.237.189,4,3,0.25,217.37,0.00
104.25.254.135,4,3,0.25,217.52,0.00
104.25.220.246,4,3,0.25,217.55,0.00
104.24.67.177,4,3,0.25,217.77,0.00
104.20.153.5,4,3,0.25,217.86,0.00
104.24.11.138,4,3,0.25,217.88,0.00
104.24.252.200,4,3,0.25,217.90,0.00
104.25.249.125,4,3,0.25,217.96,0.00
104.24.76.180,4,3,0.25,217.99,0.00
104.23.137.89,4,3,0.25,218.02,0.00
104.27.21.243,4,3,0.25,218.07,0.00
104.24.35.219,4,3,0.25,218.28,0.00
104.25.54.183,4,3,0.25,218.39,0.00
104.27.79.39,4,3,0.25,218.53,0.00
104.20.224.244,4,3,0.25,218.74,0.00
104.20.203.222,4,3,0.25,218.84,0.00
104.24.255.187,4,3,0.25,218.90,0.00
104.25.201.221,4,3,0.25,218.93,0.00
104.24.78.250,4,3,0.25,219.04,0.00
104.20.241.94,4,3,0.25,219.07,0.00
104.24.22.107,4,3,0.25,219.11,0.00
104.20.204.143,4,3,0.25,219.37,0.00
104.24.41.239,4,3,0.25,219.49,0.00
104.27.90.252,4,3,0.25,219.52,0.00
104.27.41.182,4,3,0.25,219.52,0.00
104.27.49.228,4,3,0.25,219.53,0.00
104.25.20.239,4,3,0.25,219.70,0.00
104.22.67.52,4,3,0.25,219.70,0.00
104.24.245.123,4,3,0.25,219.74,0.00
104.25.149.209,4,3,0.25,219.94,0.00
104.20.118.127,4,3,0.25,219.99,0.00
104.23.97.103,4,3,0.25,220.09,0.00
104.20.200.65,4,3,0.25,220.09,0.00
104.27.86.189,4,3,0.25,220.10,0.00
104.20.39.142,4,3,0.25,220.12,0.00
104.25.10.84,4,3,0.25,220.27,0.00
104.27.204.233,4,3,0.25,220.34,0.00
104.24.89.233,4,3,0.25,220.35,0.00
104.20.222.192,4,3,0.25,220.43,0.00
104.24.128.202,4,3,0.25,220.48,0.00
104.22.51.117,4,3,0.25,220.52,0.00
104.22.52.33,4,3,0.25,220.52,0.00
104.25.53.200,4,3,0.25,220.76,0.00
104.20.130.171,4,3,0.25,220.85,0.00
104.25.131.249,4,3,0.25,220.90,0.00
104.24.156.249,4,3,0.25,220.96,0.00
104.24.23.115,4,3,0.25,221.06,0.00
104.20.171.245,4,3,0.25,221.09,0.00
104.20.57.157,4,3,0.25,221.10,0.00
104.27.56.14,4,3,0.25,221.23,0.00
104.24.65.245,4,3,0.25,221.32,0.00
104.20.32.200,4,3,0.25,221.33,0.00
104.25.85.181,4,3,0.25,221.39,0.00
104.19.115.145,4,3,0.25,221.44,0.00
104.25.7.78,4,3,0.25,221.55,0.00
104.25.44.34,4,3,0.25,221.68,0.00
104.27.10.89,4,3,0.25,221.88,0.00
104.25.244.125,4,3,0.25,221.92,0.00
104.27.203.155,4,3,0.25,221.93,0.00
104.20.27.226,4,3,0.25,222.05,0.00
104.25.64.155,4,3,0.25,222.25,0.00
104.24.47.174,4,3,0.25,222.26,0.00
104.25.4.180,4,3,0.25,222.34,0.00
104.20.3.45,4,3,0.25,222.42,0.00
104.24.68.178,4,3,0.25,222.44,0.00
104.22.54.46,4,3,0.25,222.46,0.00
104.25.2.53,4,3,0.25,222.60,0.00
104.25.246.145,4,3,0.25,222.61,0.00
104.22.45.57,4,3,0.25,222.68,0.00
104.25.245.151,4,3,0.25,222.68,0.00
104.24.162.69,4,3,0.25,222.75,0.00
104.22.47.60,4,3,0.25,222.80,0.00
104.27.91.239,4,3,0.25,222.92,0.00
104.25.77.129,4,3,0.25,222.97,0.00
104.24.62.163,4,3,0.25,223.09,0.00
104.20.56.44,4,3,0.25,223.09,0.00
104.24.29.184,4,3,0.25,223.12,0.00
104.25.248.221,4,3,0.25,223.13,0.00
104.27.25.208,4,3,0.25,223.14,0.00
104.25.182.189,4,3,0.25,223.16,0.00
104.24.211.63,4,3,0.25,223.24,0.00
104.27.193.83,4,3,0.25,223.35,0.00
104.27.88.88,4,3,0.25,223.56,0.00
104.27.113.79,4,3,0.25,223.69,0.00
104.20.44.171,4,3,0.25,223.70,0.00
104.27.206.61,4,3,0.25,223.73,0.00
104.20.113.170,4,3,0.25,223.74,0.00
104.25.129.146,4,3,0.25,223.75,0.00
104.24.192.143,4,3,0.25,223.94,0.00
104.24.218.253,4,3,0.25,223.98,0.00
104.26.5.61,4,3,0.25,224.05,0.00
104.24.21.150,4,3,0.25,224.21,0.00
104.24.17.121,4,3,0.25,224.25,0.00
104.25.139.7,4,3,0.25,224.32,0.00
104.26.6.60,4,3,0.25,224.36,0.00
104.27.125.185,4,3,0.25,224.38,0.00
104.20.136.36,4,3,0.25,224.39,0.00
104.20.52.91,4,3,0.25,224.42,0.00
104.22.43.176,4,3,0.25,224.54,0.00
104.22.40.161,4,3,0.25,224.69,0.00
104.20.115.235,4,3,0.25,224.81,0.00
104.25.121.28,4,3,0.25,224.95,0.00
104.20.89.187,4,3,0.25,224.96,0.00
104.27.123.133,4,3,0.25,225.23,0.00
104.27.23.156,4,3,0.25,225.34,0.00
104.24.9.204,4,3,0.25,225.35,0.00
104.20.54.242,4,3,0.25,225.37,0.00
104.20.117.83,4,3,0.25,225.53,0.00
104.20.201.11,4,3,0.25,225.59,0.00
104.20.151.127,4,3,0.25,225.61,0.00
104.25.213.125,4,3,0.25,225.62,0.00
104.25.123.98,4,3,0.25,225.65,0.00
104.23.120.237,4,3,0.25,225.79,0.00
104.23.96.0,4,3,0.25,225.87,0.00
104.19.113.95,4,3,0.25,225.87,0.00
104.24.175.106,4,3,0.25,226.05,0.00
104.25.29.161,4,3,0.25,226.07,0.00
104.24.37.232,4,3,0.25,226.18,0.00
104.16.0.121,4,3,0.25,226.28,0.00
104.27.114.199,4,3,0.25,226.37,0.00
104.24.24.26,4,3,0.25,226.64,0.00
104.25.56.2,4,3,0.25,226.64,0.00
104.25.239.128,4,3,0.25,226.73,0.00
104.27.70.150,4,3,0.25,226.85,0.00
104.27.107.211,4,3,0.25,226.92,0.00
104.20.126.149,4,3,0.25,226.92,0.00
104.20.125.254,4,3,0.25,226.98,0.00
104.25.74.25,4,3,0.25,227.07,0.00
104.24.166.22,4,3,0.25,227.11,0.00
104.27.6.152,4,3,0.25,227.19,0.00
104.24.49.35,4,3,0.25,227.23,0.00
104.25.13.234,4,3,0.25,227.30,0.00
104.25.238.27,4,3,0.25,227.33,0.00
104.24.130.236,4,3,0.25,227.54,0.00
104.25.37.185,4,3,0.25,227.55,0.00
104.25.66.16,4,3,0.25,227.76,0.00
104.17.8.233,4,3,0.25,227.76,0.00
104.25.243.116,4,3,0.25,227.77,0.00
104.23.110.73,4,3,0.25,227.88,0.00
104.27.105.144,4,3,0.25,228.01,0.00
104.22.44.54,4,3,0.25,228.14,0.00
104.20.184.129,4,3,0.25,228.20,0.00
104.22.41.205,4,3,0.25,228.29,0.00
104.25.198.201,4,3,0.25,228.66,0.00
104.27.101.220,4,3,0.25,228.84,0.00
104.27.198.251,4,3,0.25,228.93,0.00
104.25.251.10,4,3,0.25,229.04,0.00
104.24.250.14,4,3,0.25,229.08,0.00
104.22.53.196,4,3,0.25,229.14,0.00
104.27.93.112,4,3,0.25,229.17,0.00
104.20.50.147,4,3,0.25,229.43,0.00
104.20.46.208,4,3,0.25,229.47,0.00
104.27.197.197,4,3,0.25,229.64,0.00
104.27.106.205,4,3,0.25,230.10,0.00
104.24.163.53,4,3,0.25,230.34,0.00
104.20.107.188,4,3,0.25,230.44,0.00
104.22.56.174,4,3,0.25,230.96,0.00
104.27.11.139,4,3,0.25,231.08,0.00
104.24.48.214,4,3,0.25,231.11,0.00
104.27.8.183,4,3,0.25,231.39,0.00
104.25.72.166,4,3,0.25,231.54,0.00
104.20.128.57,4,3,0.25,231.62,0.00
104.24.25.87,4,3,0.25,231.69,0.00
104.27.39.23,4,3,0.25,231.83,0.00
104.22.21.205,4,3,0.25,232.13,0.00
104.25.242.88,4,3,0.25,232.45,0.00
104.24.230.27,4,3,0.25,232.74,0.00
104.20.49.16,4,3,0.25,232.86,0.00
104.23.111.79,4,3,0.25,233.43,0.00
104.25.122.181,4,3,0.25,234.08,0.00
104.17.72.168,4,3,0.25,234.16,0.00
104.20.173.253,4,3,0.25,234.29,0.00
104.23.127.9,4,3,0.25,234.38,0.00
104.27.92.234,4,3,0.25,234.41,0.00
104.25.232.92,4,3,0.25,234.84,0.00
104.20.51.132,4,3,0.25,235.70,0.00
104.25.211.139,4,3,0.25,235.80,0.00
104.25.252.96,4,3,0.25,236.06,0.00
104.27.18.53,4,3,0.25,236.12,0.00
104.25.130.16,4,3,0.25,236.22,0.00
104.23.118.86,4,3,0.25,236.56,0.00
104.18.69.78,4,3,0.25,236.58,0.00
104.24.180.207,4,3,0.25,237.24,0.00
104.27.64.192,4,3,0.25,238.00,0.00
104.20.202.90,4,3,0.25,238.35,0.00
104.22.60.72,4,3,0.25,239.42,0.00
104.25.38.11,4,3,0.25,239.95,0.00
104.27.53.145,4,3,0.25,240.04,0.00
104.16.109.179,4,3,0.25,241.92,0.00
104.25.98.35,4,3,0.25,242.86,0.00
104.22.64.237,4,3,0.25,245.72,0.00
104.25.42.214,4,3,0.25,247.04,0.00
104.24.238.81,4,3,0.25,247.25,0.00
104.24.233.1,4,3,0.25,247.39,0.00
104.17.201.249,4,3,0.25,248.41,0.00
104.25.60.230,4,3,0.25,248.93,0.00
104.25.34.63,4,3,0.25,249.73,0.00
104.25.176.233,4,3,0.25,249.87,0.00
104.19.41.16,4,3,0.25,250.00,0.00
104.19.123.180,4,3,0.25,250.37,0.00
104.20.67.36,4,3,0.25,251.28,0.00
104.19.91.89,4,3,0.25,252.67,0.00
104.18.102.71,4,3,0.25,253.69,0.00
104.17.58.84,4,3,0.25,255.59,0.00
104.19.7.138,4,3,0.25,255.91,0.00
104.17.64.19,4,3,0.25,256.42,0.00
104.17.200.101,4,3,0.25,257.43,0.00
104.16.72.103,4,3,0.25,261.17,0.00
104.17.50.162,4,3,0.25,262.71,0.00
104.17.28.29,4,3,0.25,262.86,0.00
104.17.56.73,4,3,0.25,263.16,0.00
104.16.186.232,4,3,0.25,265.78,0.00
104.17.75.34,4,3,0.25,266.87,0.00
104.19.75.168,4,3,0.25,268.20,0.00
104.19.37.64,4,3,0.25,270.46,0.00
104.17.187.21,4,3,0.25,273.59,0.00
104.19.33.249,4,3,0.25,276.18,0.00
104.17.81.126,4,3,0.25,277.28,0.00
104.19.52.42,4,3,0.25,278.68,0.00
104.16.217.12,4,3,0.25,279.51,0.00
104.19.98.17,4,3,0.25,281.52,0.00
104.16.229.97,4,3,0.25,286.13,0.00
104.18.158.97,4,3,0.25,287.75,0.00
104.17.109.154,4,3,0.25,288.62,0.00
104.18.128.226,4,3,0.25,288.81,0.00
104.16.240.244,4,3,0.25,291.60,0.00
104.17.78.77,4,3,0.25,291.76,0.00
104.19.79.106,4,3,0.25,291.88,0.00
104.17.198.156,4,3,0.25,292.02,0.00
104.16.143.178,4,3,0.25,292.33,0.00
104.18.150.176,4,3,0.25,292.45,0.00
104.17.228.108,4,3,0.25,293.27,0.00
104.18.224.139,4,3,0.25,294.10,0.00
104.16.251.117,4,3,0.25,294.27,0.00
104.19.184.243,4,3,0.25,294.31,0.00
104.18.228.223,4,3,0.25,295.39,0.00
104.17.156.49,4,3,0.25,295.79,0.00
104.17.43.12,4,3,0.25,296.62,0.00
104.17.62.191,4,3,0.25,298.27,0.00
104.18.133.209,4,3,0.25,298.52,0.00
104.17.0.242,4,3,0.25,299.09,0.00
104.18.226.24,4,3,0.25,299.18,0.00
104.19.224.61,4,3,0.25,299.65,0.00
104.17.76.163,4,3,0.25,300.10,0.00
104.16.207.50,4,3,0.25,300.36,0.00
104.17.15.38,4,3,0.25,301.46,0.00
104.17.215.178,4,3,0.25,301.86,0.00
104.18.246.207,4,3,0.25,302.02,0.00
104.16.236.191,4,3,0.25,302.58,0.00
104.19.22.168,4,3,0.25,302.81,0.00
104.18.177.74,4,3,0.25,303.19,0.00
104.17.233.212,4,3,0.25,306.82,0.00
104.16.85.126,4,3,0.25,308.26,0.00
104.19.0.120,4,3,0.25,308.48,0.00
104.17.100.68,4,3,0.25,308.75,0.00
104.18.170.247,4,3,0.25,309.68,0.00
104.19.60.108,4,3,0.25,310.22,0.00
104.19.32.84,4,3,0.25,312.07,0.00
104.17.244.106,4,3,0.25,313.26,0.00
104.18.255.88,4,3,0.25,313.99,0.00
104.18.241.208,4,3,0.25,314.51,0.00
104.17.60.250,4,3,0.25,315.08,0.00
104.16.160.113,4,3,0.25,315.11,0.00
104.18.212.97,4,3,0.25,315.25,0.00
104.17.189.5,4,3,0.25,316.15,0.00
104.17.1.162,4,3,0.25,316.36,0.00
104.19.86.214,4,3,0.25,317.84,0.00
104.16.154.113,4,3,0.25,317.87,0.00
104.16.137.124,4,3,0.25,318.34,0.00
104.19.216.96,4,3,0.25,318.35,0.00
104.16.107.121,4,3,0.25,320.25,0.00
104.19.27.33,4,3,0.25,321.62,0.00
104.17.84.224,4,3,0.25,321.82,0.00
104.16.81.208,4,3,0.25,323.37,0.00
104.17.89.252,4,3,0.25,323.78,0.00
104.16.191.126,4,3,0.25,326.49,0.00
104.17.41.26,4,3,0.25,326.57,0.00
104.19.176.77,4,3,0.25,326.80,0.00
104.17.68.128,4,3,0.25,327.28,0.00
104.16.105.254,4,3,0.25,327.93,0.00
104.17.34.146,4,3,0.25,327.97,0.00
104.16.64.46,4,3,0.25,328.55,0.00
104.17.110.184,4,3,0.25,328.87,0.00
104.18.57.34,4,3,0.25,329.74,0.00
104.19.51.86,4,3,0.25,330.02,0.00
104.18.253.29,4,3,0.25,331.05,0.00
104.17.242.137,4,3,0.25,331.69,0.00
104.17.52.163,4,3,0.25,331.95,0.00
104.17.45.133,4,3,0.25,332.30,0.00
104.18.162.49,4,3,0.25,332.34,0.00
104.17.92.207,4,3,0.25,332.36,0.00
104.19.76.169,4,3,0.25,332.55,0.00
104.19.80.36,4,3,0.25,334.85,0.00
104.17.231.107,4,3,0.25,337.18,0.00
104.19.40.67,4,3,0.25,339.12,0.00
104.16.248.9,4,3,0.25,341.70,0.00
104.16.30.71,4,3,0.25,342.34,0.00
104.18.76.220,4,3,0.25,342.35,0.00
104.18.149.227,4,3,0.25,343.05,0.00
104.17.105.12,4,3,0.25,343.64,0.00
104.16.183.66,4,3,0.25,343.74,0.00
104.18.167.246,4,3,0.25,344.07,0.00
104.16.247.136,4,3,0.25,344.65,0.00
104.19.154.152,4,3,0.25,345.61,0.00
104.18.225.99,4,3,0.25,345.66,0.00
104.16.36.24,4,3,0.25,346.01,0.00
104.16.179.78,4,3,0.25,347.37,0.00
104.18.64.118,4,3,0.25,347.57,0.00
104.19.225.211,4,3,0.25,348.06,0.00
104.18.0.110,4,3,0.25,348.22,0.00
104.17.206.168,4,3,0.25,348.73,0.00
104.17.118.12,4,3,0.25,348.78,0.00
104.16.249.181,4,3,0.25,348.95,0.00
104.17.44.190,4,3,0.25,349.00,0.00
104.16.53.214,4,3,0.25,349.05,0.00
104.18.101.18,4,3,0.25,350.53,0.00
104.17.218.90,4,3,0.25,350.67,0.00
104.18.75.141,4,3,0.25,351.75,0.00
104.17.71.181,4,3,0.25,351.89,0.00
104.17.249.116,4,3,0.25,352.02,0.00
104.17.27.247,4,3,0.25,352.17,0.00
104.17.61.5,4,3,0.25,352.32,0.00
104.18.61.214,4,3,0.25,352.41,0.00
104.19.110.172,4,3,0.25,352.92,0.00
104.19.155.8,4,3,0.25,353.70,0.00
104.19.186.198,4,3,0.25,355.14,0.00
104.16.184.67,4,3,0.25,356.36,0.00
104.16.255.206,4,3,0.25,356.62,0.00
104.18.147.146,4,3,0.25,357.32,0.00
104.17.123.161,4,3,0.25,357.50,0.00
104.16.166.99,4,3,0.25,358.42,0.00
104.17.51.58,4,3,0.25,358.46,0.00
104.18.99.186,4,3,0.25,358.70,0.00
104.18.97.122,4,3,0.25,359.26,0.00
104.19.160.123,4,3,0.25,359.33,0.00
104.17.13.188,4,3,0.25,359.73,0.00
104.16.57.154,4,3,0.25,360.05,0.00
104.19.88.184,4,3,0.25,360.06,0.00
104.16.12.198,4,3,0.25,360.33,0.00
104.19.167.90,4,3,0.25,360.50,0.00
104.17.214.11,4,3,0.25,361.25,0.00
104.18.53.175,4,3,0.25,362.84,0.00
104.18.171.187,4,3,0.25,363.02,0.00
104.18.137.59,4,3,0.25,363.31,0.00
104.16.51.157,4,3,0.25,363.41,0.00
104.19.183.79,4,3,0.25,364.61,0.00
104.18.47.25,4,3,0.25,367.66,0.00
104.18.98.219,4,3,0.25,368.14,0.00
104.17.239.63,4,3,0.25,369.09,0.00
104.17.108.175,4,3,0.25,369.99,0.00
104.17.172.76,4,3,0.25,370.20,0.00
104.17.236.154,4,3,0.25,370.59,0.00
104.16.220.114,4,3,0.25,370.96,0.00
104.17.3.85,4,3,0.25,373.69,0.00
104.18.151.86,4,3,0.25,374.68,0.00
104.18.96.95,4,3,0.25,375.06,0.00
104.19.210.68,4,3,0.25,375.66,0.00
104.16.206.21,4,3,0.25,376.42,0.00
104.18.3.130,4,3,0.25,376.78,0.00
104.17.211.152,4,3,0.25,377.07,0.00
104.18.138.12,4,3,0.25,377.54,0.00
104.18.186.62,4,3,0.25,377.91,0.00
104.16.204.8,4,3,0.25,378.48,0.00
104.18.164.217,4,3,0.25,379.89,0.00
104.19.161.67,4,3,0.25,379.90,0.00
104.17.199.253,4,3,0.25,380.37,0.00
104.16.215.220,4,3,0.25,380.63,0.00
104.19.116.68,4,3,0.25,385.57,0.00
104.17.191.105,4,3,0.25,385.65,0.00
104.16.21.243,4,3,0.25,385.94,0.00
104.17.55.87,4,3,0.25,386.07,0.00
104.17.42.123,4,3,0.25,387.97,0.00
104.18.54.69,4,3,0.25,388.77,0.00
104.19.191.124,4,3,0.25,389.53,0.00
104.18.184.171,4,3,0.25,390.81,0.00
104.16.50.229,4,3,0.25,391.43,0.00
104.19.87.69,4,3,0.25,398.19,0.00
104.18.134.250,4,3,0.25,401.12,0.00
104.18.12.234,4,3,0.25,401.19,0.00
104.19.83.193,4,3,0.25,407.03,0.00
104.16.70.56,4,3,0.25,409.67,0.00
104.19.119.26,4,3,0.25,410.87,0.00
104.19.97.132,4,3,0.25,455.21,0.00
104.19.70.14,4,3,0.25,481.63,0.00
104.19.112.100,4,3,0.25,489.70,0.00
104.19.38.142,4,3,0.25,497.12,0.00
104.19.23.162,4,3,0.25,499.14,0.00
104.19.3.252,4,3,0.25,533.02,0.00
104.19.44.71,4,3,0.25,552.48,0.00
104.18.60.32,4,3,0.25,552.81,0.00
104.19.81.150,4,2,0.50,153.72,0.00
104.19.233.84,4,2,0.50,154.30,0.00
104.18.56.241,4,2,0.50,155.18,0.00
104.19.247.7,4,2,0.50,158.34,0.00
104.18.22.107,4,2,0.50,158.66,0.00
104.19.254.2,4,2,0.50,160.10,0.00
104.21.236.106,4,2,0.50,160.64,0.00
104.19.250.12,4,2,0.50,161.23,0.00
104.19.143.30,4,2,0.50,161.91,0.00
104.19.242.35,4,2,0.50,162.03,0.00
104.18.23.40,4,2,0.50,162.24,0.00
104.19.255.183,4,2,0.50,162.67,0.00
104.18.25.154,4,2,0.50,164.40,0.00
104.19.111.223,4,2,0.50,164.75,0.00
104.18.21.52,4,2,0.50,164.98,0.00
104.18.28.20,4,2,0.50,165.22,0.00
104.21.238.231,4,2,0.50,166.17,0.00
104.21.237.149,4,2,0.50,166.17,0.00
104.19.153.25,4,2,0.50,168.01,0.00
104.16.112.249,4,2,0.50,173.62,0.00
104.19.158.177,4,2,0.50,175.99,0.00
104.16.124.142,4,2,0.50,176.37,0.00
104.19.71.121,4,2,0.50,176.70,0.00
104.16.127.17,4,2,0.50,178.55,0.00
104.16.120.224,4,2,0.50,178.82,0.00
104.21.61.198,4,2,0.50,182.24,0.00
104.21.68.57,4,2,0.50,184.51,0.00
104.21.65.254,4,2,0.50,188.60,0.00
104.21.210.59,4,2,0.50,188.82,0.00
104.21.70.146,4,2,0.50,189.39,0.00
104.21.35.169,4,2,0.50,190.31,0.00
104.19.96.94,4,2,0.50,190.32,0.00
104.21.55.36,4,2,0.50,192.17,0.00
104.19.48.77,4,2,0.50,193.53,0.00
104.16.56.225,4,2,0.50,193.82,0.00
104.21.76.210,4,2,0.50,195.82,0.00
104.21.64.33,4,2,0.50,195.90,0.00
104.21.25.75,4,2,0.50,196.01,0.00
104.21.66.234,4,2,0.50,196.18,0.00
104.21.16.2,4,2,0.50,200.43,0.00
104.21.56.56,4,2,0.50,200.73,0.00
104.21.54.26,4,2,0.50,201.51,0.00
104.21.57.80,4,2,0.50,201.82,0.00
104.21.72.148,4,2,0.50,202.26,0.00
104.21.60.100,4,2,0.50,203.23,0.00
104.21.212.44,4,2,0.50,203.70,0.00
104.21.8.93,4,2,0.50,203.73,0.00
104.21.209.102,4,2,0.50,209.19,0.00
104.25.3.79,4,2,0.50,210.45,0.00
104.20.142.202,4,2,0.50,210.81,0.00
104.27.35.92,4,2,0.50,211.22,0.00
104.24.92.3,4,2,0.50,211.99,0.00
104.25.1.35,4,2,0.50,212.36,0.00
104.25.16.149,4,2,0.50,213.04,0.00
104.20.209.148,4,2,0.50,214.80,0.00
104.26.3.42,4,2,0.50,214.84,0.00
104.20.208.77,4,2,0.50,214.87,0.00
104.24.55.237,4,2,0.50,214.89,0.00
104.24.44.205,4,2,0.50,214.97,0.00
104.25.145.100,4,2,0.50,215.72,0.00
104.20.199.113,4,2,0.50,215.84,0.00
104.25.134.237,4,2,0.50,216.13,0.00
104.25.142.102,4,2,0.50,216.28,0.00
104.25.219.132,4,2,0.50,216.28,0.00
104.25.71.127,4,2,0.50,216.34,0.00
104.25.167.110,4,2,0.50,216.41,0.00
104.24.8.129,4,2,0.50,216.96,0.00
104.27.85.84,4,2,0.50,217.47,0.00
104.20.211.29,4,2,0.50,217.48,0.00
104.25.222.129,4,2,0.50,217.53,0.00
104.20.168.160,4,2,0.50,217.55,0.00
104.27.116.91,4,2,0.50,217.59,0.00
104.23.100.254,4,2,0.50,217.72,0.00
104.16.197.27,4,2,0.50,217.74,0.00
104.25.146.190,4,2,0.50,217.75,0.00
104.25.27.38,4,2,0.50,217.81,0.00
104.27.207.163,4,2,0.50,217.86,0.00
104.24.173.17,4,2,0.50,217.97,0.00
104.20.58.148,4,2,0.50,218.13,0.00
104.26.12.83,4,2,0.50,218.21,0.00
104.24.61.22,4,2,0.50,218.26,0.00
104.27.122.226,4,2,0.50,218.52,0.00
104.27.62.194,4,2,0.50,218.55,0.00
104.25.237.118,4,2,0.50,218.72,0.00
104.20.157.111,4,2,0.50,218.78,0.00
104.22.62.162,4,2,0.50,219.11,0.00
104.27.99.157,4,2,0.50,219.11,0.00
104.25.152.108,4,2,0.50,219.21,0.00
104.24.90.93,4,2,0.50,219.29,0.00
104.24.141.163,4,2,0.50,219.57,0.00
104.25.21.157,4,2,0.50,219.71,0.00
104.25.228.46,4,2,0.50,219.72,0.00
104.23.109.121,4,2,0.50,220.03,0.00
104.20.38.198,4,2,0.50,220.19,0.00
104.24.202.245,4,2,0.50,220.37,0.00
104.25.156.16,4,2,0.50,220.53,0.00
104.20.214.125,4,2,0.50,220.55,0.00
104.18.140.135,4,2,0.50,220.62,0.00
104.20.221.200,4,2,0.50,220.65,0.00
104.26.13.44,4,2,0.50,220.74,0.00
104.25.0.206,4,2,0.50,220.78,0.00
104.25.235.23,4,2,0.50,220.99,0.00
104.25.150.28,4,2,0.50,221.34,0.00
104.25.155.219,4,2,0.50,221.36,0.00
104.16.19.163,4,2,0.50,221.40,0.00
104.16.22.211,4,2,0.50,221.40,0.00
104.25.55.109,4,2,0.50,221.50,0.00
104.27.15.122,4,2,0.50,221.53,0.00
104.20.116.154,4,2,0.50,221.59,0.00
104.25.137.98,4,2,0.50,221.60,0.00
104.20.74.201,4,2,0.50,221.65,0.00
104.27.94.42,4,2,0.50,221.80,0.00
104.27.52.143,4,2,0.50,221.88,0.00
104.20.76.94,4,2,0.50,221.88,0.00
104.25.161.233,4,2,0.50,222.10,0.00
104.20.133.213,4,2,0.50,222.22,0.00
104.25.125.154,4,2,0.50,222.32,0.00
104.24.168.229,4,2,0.50,222.35,0.00
104.27.77.126,4,2,0.50,222.51,0.00
104.20.235.172,4,2,0.50,222.57,0.00
104.25.253.193,4,2,0.50,222.58,0.00
104.25.181.214,4,2,0.50,222.78,0.00
104.20.162.185,4,2,0.50,222.93,0.00
104.24.70.228,4,2,0.50,222.98,0.00
104.25.163.32,4,2,0.50,223.03,0.00
104.16.91.14,4,2,0.50,223.03,0.00
104.25.68.46,4,2,0.50,223.23,0.00
104.25.184.229,4,2,0.50,223.25,0.00
104.25.173.246,4,2,0.50,223.34,0.00
104.25.165.246,4,2,0.50,223.35,0.00
104.24.190.118,4,2,0.50,223.42,0.00
104.25.36.114,4,2,0.50,223.50,0.00
104.23.113.165,4,2,0.50,223.54,0.00
104.20.210.75,4,2,0.50,223.56,0.00
104.25.14.173,4,2,0.50,223.60,0.00
104.24.170.104,4,2,0.50,223.64,0.00
104.23.121.177,4,2,0.50,223.69,0.00
104.20.55.1,4,2,0.50,223.90,0.00
104.16.39.62,4,2,0.50,224.13,0.00
104.23.116.119,4,2,0.50,224.16,0.00
104.22.37.95,4,2,0.50,224.20,0.00
104.25.141.157,4,2,0.50,224.32,0.00
104.24.86.119,4,2,0.50,224.33,0.00
104.24.137.39,4,2,0.50,224.40,0.00
104.20.132.49,4,2,0.50,224.54,0.00
104.20.61.202,4,2,0.50,224.94,0.00
104.24.220.207,4,2,0.50,224.97,0.00
104.20.37.28,4,2,0.50,225.15,0.00
104.27.55.46,4,2,0.50,225.18,0.00
104.24.176.114,4,2,0.50,225.19,0.00
104.27.95.142,4,2,0.50,225.26,0.00
104.20.129.157,4,2,0.50,225.28,0.00
104.22.61.35,4,2,0.50,225.33,0.00
104.24.40.24,4,2,0.50,225.37,0.00
104.22.39.155,4,2,0.50,225.43,0.00
104.20.63.183,4,2,0.50,225.60,0.00
104.19.105.137,4,2,0.50,225.60,0.00
104.25.28.105,4,2,0.50,225.62,0.00
104.24.158.7,4,2,0.50,225.67,0.00
104.20.80.44,4,2,0.50,225.75,0.00
104.24.188.242,4,2,0.50,226.08,0.00
104.24.87.27,4,2,0.50,226.19,0.00
104.23.129.113,4,2,0.50,226.31,0.00
104.27.28.29,4,2,0.50,226.35,0.00
104.25.69.191,4,2,0.50,226.38,0.00
104.25.26.203,4,2,0.50,226.60,0.00
104.20.0.191,4,2,0.50,226.62,0.00
104.16.180.252,4,2,0.50,226.66,0.00
104.22.50.106,4,2,0.50,226.73,0.00
104.25.51.205,4,2,0.50,226.81,0.00
104.25.215.176,4,2,0.50,227.01,0.00
104.22.22.22,4,2,0.50,227.19,0.00
104.25.33.71,4,2,0.50,227.27,0.00
104.25.166.74,4,2,0.50,227.34,0.00
104.27.119.153,4,2,0.50,227.54,0.00
104.20.53.243,4,2,0.50,227.66,0.00
104.20.217.199,4,2,0.50,227.90,0.00
104.27.27.134,4,2,0.50,228.09,0.00
104.25.90.51,4,2,0.50,228.13,0.00
104.23.115.245,4,2,0.50,228.17,0.00
104.26.11.110,4,2,0.50,228.58,0.00
104.20.90.196,4,2,0.50,228.60,0.00
104.25.133.110,4,2,0.50,228.62,0.00
104.25.31.209,4,2,0.50,228.62,0.00
104.25.6.144,4,2,0.50,228.68,0.00
104.25.84.128,4,2,0.50,228.71,0.00
104.20.78.164,4,2,0.50,228.78,0.00
104.25.76.113,4,2,0.50,229.24,0.00
104.25.162.217,4,2,0.50,229.25,0.00
104.27.83.48,4,2,0.50,229.36,0.00
104.27.0.195,4,2,0.50,229.39,0.00
104.25.144.233,4,2,0.50,229.42,0.00
104.27.68.78,4,2,0.50,229.77,0.00
104.25.35.243,4,2,0.50,229.93,0.00
104.24.91.162,4,2,0.50,230.18,0.00
104.27.201.225,4,2,0.50,230.24,0.00
104.27.124.253,4,2,0.50,230.82,0.00
104.20.64.174,4,2,0.50,231.06,0.00
104.24.151.167,4,2,0.50,231.18,0.00
104.24.194.19,4,2,0.50,231.54,0.00
104.24.254.53,4,2,0.50,231.65,0.00
104.25.191.172,4,2,0.50,232.00,0.00
104.24.165.153,4,2,0.50,232.21,0.00
104.25.153.113,4,2,0.50,232.26,0.00
104.16.203.57,4,2,0.50,232.66,0.00
104.25.151.101,4,2,0.50,233.89,0.00
104.25.138.181,4,2,0.50,234.93,0.00
104.25.157.252,4,2,0.50,234.96,0.00
104.20.207.244,4,2,0.50,235.32,0.00
104.18.92.94,4,2,0.50,235.42,0.00
104.22.35.70,4,2,0.50,235.59,0.00
104.24.85.63,4,2,0.50,235.70,0.00
104.25.81.177,4,2,0.50,236.44,0.00
104.25.229.242,4,2,0.50,236.52,0.00
104.25.114.184,4,2,0.50,236.64,0.00
104.20.60.169,4,2,0.50,237.03,0.00
104.25.86.225,4,2,0.50,238.38,0.00
104.25.143.141,4,2,0.50,238.58,0.00
104.26.1.226,4,2,0.50,240.25,0.00
104.22.72.248,4,2,0.50,240.31,0.00
104.16.152.209,4,2,0.50,241.70,0.00
104.17.11.95,4,2,0.50,242.11,0.00
104.22.13.14,4,2,0.50,242.55,0.00
104.19.85.87,4,2,0.50,242.67,0.00
104.25.78.15,4,2,0.50,243.10,0.00
104.25.195.224,4,2,0.50,244.28,0.00
104.24.217.105,4,2,0.50,244.40,0.00
104.20.233.235,4,2,0.50,244.54,0.00
104.16.239.240,4,2,0.50,244.70,0.00
104.25.233.25,4,2,0.50,245.08,0.00
104.25.79.159,4,2,0.50,246.01,0.00
104.17.238.102,4,2,0.50,247.21,0.00
104.18.159.206,4,2,0.50,247.26,0.00
104.19.69.248,4,2,0.50,249.08,0.00
104.27.22.92,4,2,0.50,250.18,0.00
104.18.234.158,4,2,0.50,251.75,0.00
104.18.244.101,4,2,0.50,252.21,0.00
104.18.148.193,4,2,0.50,255.15,0.00
104.20.109.120,4,2,0.50,256.80,0.00
104.19.152.100,4,2,0.50,258.17,0.00
104.18.233.19,4,2,0.50,258.41,0.00
104.19.208.117,4,2,0.50,259.44,0.00
104.18.104.152,4,2,0.50,259.44,0.00
104.16.208.220,4,2,0.50,260.04,0.00
104.18.193.14,4,2,0.50,265.13,0.00
104.17.99.175,4,2,0.50,268.09,0.00
104.17.252.63,4,2,0.50,268.99,0.00
104.18.68.211,4,2,0.50,270.53,0.00
104.18.157.76,4,2,0.50,271.71,0.00
104.16.237.2,4,2,0.50,272.12,0.00
104.18.13.250,4,2,0.50,272.18,0.00
104.18.71.2,4,2,0.50,272.67,0.00
104.16.74.197,4,2,0.50,274.19,0.00
104.18.192.137,4,2,0.50,278.86,0.00
104.16.47.72,4,2,0.50,284.72,0.00
104.19.11.114,4,2,0.50,285.84,0.00
104.19.169.139,4,2,0.50,286.23,0.00
104.16.170.137,4,2,0.50,286.71,0.00
104.16.195.149,4,2,0.50,287.16,0.00
104.19.221.196,4,2,0.50,288.81,0.00
104.16.189.216,4,2,0.50,288.84,0.00
104.16.73.49,4,2,0.50,289.68,0.00
104.19.62.95,4,2,0.50,289.96,0.00
104.17.221.185,4,2,0.50,295.39,0.00
104.17.240.116,4,2,0.50,297.08,0.00
104.17.88.85,4,2,0.50,297.90,0.00
104.16.62.63,4,2,0.50,301.98,0.00
104.18.240.110,4,2,0.50,303.78,0.00
104.19.223.177,4,2,0.50,303.85,0.00
104.16.216.210,4,2,0.50,304.33,0.00
104.19.82.36,4,2,0.50,309.78,0.00
104.17.232.146,4,2,0.50,311.77,0.00
104.18.100.209,4,2,0.50,313.40,0.00
104.17.65.173,4,2,0.50,319.51,0.00
104.17.254.57,4,2,0.50,321.36,0.00
104.17.253.40,4,2,0.50,321.67,0.00
104.16.1.170,4,2,0.50,325.92,0.00
104.17.180.109,4,2,0.50,326.14,0.00
104.17.69.74,4,2,0.50,326.18,0.00
104.18.227.91,4,2,0.50,326.68,0.00
104.18.178.153,4,2,0.50,327.07,0.00
104.16.238.177,4,2,0.50,327.80,0.00
104.16.136.19,4,2,0.50,327.84,0.00
104.18.152.96,4,2,0.50,328.39,0.00
104.17.48.240,4,2,0.50,329.38,0.00
104.19.212.198,4,2,0.50,330.49,0.00
104.19.150.169,4,2,0.50,330.54,0.00
104.17.246.88,4,2,0.50,330.98,0.00
104.18.65.119,4,2,0.50,331.23,0.00
104.19.53.79,4,2,0.50,331.98,0.00
104.19.217.52,4,2,0.50,332.56,0.00
104.17.6.25,4,2,0.50,333.85,0.00
104.17.229.237,4,2,0.50,334.50,0.00
104.19.124.169,4,2,0.50,334.98,0.00
104.18.135.128,4,2,0.50,335.86,0.00
104.17.30.25,4,2,0.50,336.30,0.00
104.19.200.99,4,2,0.50,336.74,0.00
104.19.214.217,4,2,0.50,337.21,0.00
104.17.97.231,4,2,0.50,338.16,0.00
104.17.185.107,4,2,0.50,338.52,0.00
104.18.108.24,4,2,0.50,338.62,0.00
104.18.142.98,4,2,0.50,339.31,0.00
104.18.143.78,4,2,0.50,339.52,0.00
104.18.84.190,4,2,0.50,339.55,0.00
104.16.200.122,4,2,0.50,342.95,0.00
104.19.63.252,4,2,0.50,343.47,0.00
104.19.103.234,4,2,0.50,345.39,0.00
104.18.10.179,4,2,0.50,345.56,0.00
104.19.204.155,4,2,0.50,346.39,0.00
104.18.187.0,4,2,0.50,347.57,0.00
104.17.73.246,4,2,0.50,349.38,0.00
104.18.204.201,4,2,0.50,350.31,0.00
104.18.231.158,4,2,0.50,350.70,0.00
104.18.85.206,4,2,0.50,350.75,0.00
104.18.248.79,4,2,0.50,351.33,0.00
104.18.66.151,4,2,0.50,351.46,0.00
104.17.250.7,4,2,0.50,353.84,0.00
104.18.174.158,4,2,0.50,358.24,0.00
104.17.104.130,4,2,0.50,358.51,0.00
104.17.2.131,4,2,0.50,358.80,0.00
104.16.98.21,4,2,0.50,361.69,0.00
104.19.222.40,4,2,0.50,361.81,0.00
104.17.248.27,4,2,0.50,362.43,0.00
104.17.117.187,4,2,0.50,362.48,0.00
104.17.190.192,4,2,0.50,363.29,0.00
104.18.144.49,4,2,0.50,363.51,0.00
104.16.76.48,4,2,0.50,363.59,0.00
104.17.130.112,4,2,0.50,365.01,0.00
104.17.47.186,4,2,0.50,365.23,0.00
104.19.202.86,4,2,0.50,366.16,0.00
104.17.234.156,4,2,0.50,366.46,0.00
104.17.184.144,4,2,0.50,366.62,0.00
104.16.89.237,4,2,0.50,367.15,0.00
104.16.84.84,4,2,0.50,368.98,0.00
104.18.232.47,4,2,0.50,369.40,0.00
104.18.83.149,4,2,0.50,370.66,0.00
104.18.4.47,4,2,0.50,370.67,0.00
104.19.190.112,4,2,0.50,371.65,0.00
104.17.251.18,4,2,0.50,373.57,0.00
104.18.141.204,4,2,0.50,373.88,0.00
104.17.106.51,4,2,0.50,373.98,0.00
104.17.161.76,4,2,0.50,374.20,0.00
104.18.15.225,4,2,0.50,374.33,0.00
104.17.87.76,4,2,0.50,374.76,0.00
104.19.164.92,4,2,0.50,374.92,0.00
104.18.88.226,4,2,0.50,375.21,0.00
104.17.90.217,4,2,0.50,375.78,0.00
104.16.178.52,4,2,0.50,378.33,0.00
104.16.177.175,4,2,0.50,378.40,0.00
104.17.188.88,4,2,0.50,378.42,0.00
104.16.149.201,4,2,0.50,378.72,0.00
104.17.80.32,4,2,0.50,380.22,0.00
104.18.247.220,4,2,0.50,380.45,0.00
104.19.189.168,4,2,0.50,381.83,0.00
104.17.101.192,4,2,0.50,382.29,0.00
104.18.250.115,4,2,0.50,383.10,0.00
104.16.226.228,4,2,0.50,384.54,0.00
104.18.103.81,4,2,0.50,386.82,0.00
104.18.155.24,4,2,0.50,387.24,0.00
104.17.98.67,4,2,0.50,391.40,0.00
104.18.139.21,4,2,0.50,391.85,0.00
104.17.146.120,4,2,0.50,391.95,0.00
104.18.179.163,4,2,0.50,391.98,0.00
104.19.170.150,4,2,0.50,392.66,0.00
104.18.41.138,4,2,0.50,394.47,0.00
104.18.131.143,4,2,0.50,394.98,0.00
104.16.17.166,4,2,0.50,401.83,0.00
104.16.133.70,4,2,0.50,404.26,0.00
104.16.23.219,4,2,0.50,407.54,0.00
104.19.56.120,4,2,0.50,417.67,0.00
104.19.8.163,4,2,0.50,446.84,0.00
104.19.31.56,4,2,0.50,451.73,0.00
104.18.58.232,4,2,0.50,452.96,0.00
104.19.28.145,4,2,0.50,458.80,0.00
104.19.26.228,4,2,0.50,479.20,0.00
104.19.101.215,4,2,0.50,496.62,0.00
104.17.125.153,4,1,0.75,138.48,0.00
104.18.19.77,4,1,0.75,147.05,0.00
104.16.225.135,4,1,0.75,153.77,0.00
104.17.235.25,4,1,0.75,154.74,0.00
104.17.219.131,4,1,0.75,154.77,0.00
104.19.244.203,4,1,0.75,156.65,0.00
104.19.173.59,4,1,0.75,156.70,0.00
104.18.26.103,4,1,0.75,156.90,0.00
104.19.238.105,4,1,0.75,157.19,0.00
104.18.55.187,4,1,0.75,157.80,0.00
104.19.252.97,4,1,0.75,158.21,0.00
104.19.248.230,4,1,0.75,158.59,0.00
104.19.30.121,4,1,0.75,158.87,0.00
104.21.229.4,4,1,0.75,158.89,0.00
104.18.120.59,4,1,0.75,159.43,0.00
104.19.251.207,4,1,0.75,159.49,0.00
104.19.92.103,4,1,0.75,159.49,0.00
104.19.241.132,4,1,0.75,159.51,0.00
104.18.127.78,4,1,0.75,159.94,0.00
104.18.117.24,4,1,0.75,159.95,0.00
104.19.253.85,4,1,0.75,160.07,0.00
104.17.107.140,4,1,0.75,160.38,0.00
104.19.249.59,4,1,0.75,161.51,0.00
104.21.230.125,4,1,0.75,162.54,0.00
104.21.227.177,4,1,0.75,163.45,0.00
104.18.29.209,4,1,0.75,163.47,0.00
104.19.175.129,4,1,0.75,163.56,0.00
104.21.231.153,4,1,0.75,163.66,0.00
104.18.18.203,4,1,0.75,163.92,0.00
104.21.225.46,4,1,0.75,164.02,0.00
104.18.197.88,4,1,0.75,164.06,0.00
104.18.17.68,4,1,0.75,164.22,0.00
104.17.96.93,4,1,0.75,164.91,0.00
104.18.27.30,4,1,0.75,165.02,0.00
104.18.30.131,4,1,0.75,165.42,0.00
104.17.129.129,4,1,0.75,168.81,0.00
104.19.122.106,4,1,0.75,169.64,0.00
104.19.127.22,4,1,0.75,172.01,0.00
104.18.115.149,4,1,0.75,173.12,0.00
104.19.84.88,4,1,0.75,173.66,0.00
104.21.232.211,4,1,0.75,174.88,0.00
104.21.235.77,4,1,0.75,174.88,0.00
104.21.234.106,4,1,0.75,174.88,0.00
104.21.239.131,4,1,0.75,175.38,0.00
104.19.2.164,4,1,0.75,177.59,0.00
104.21.89.173,4,1,0.75,184.17,0.00
104.21.90.218,4,1,0.75,185.59,0.00
104.21.216.46,4,1,0.75,185.88,0.00
104.21.75.45,4,1,0.75,185.95,0.00
104.21.220.144,4,1,0.75,186.61,0.00
104.21.97.81,4,1,0.75,187.82,0.00
104.19.6.71,4,1,0.75,188.82,0.00
104.21.213.70,4,1,0.75,193.63,0.00
104.21.82.48,4,1,0.75,194.11,0.00
104.21.87.138,4,1,0.75,194.73,0.00
104.21.95.156,4,1,0.75,195.00,0.00
104.21.78.189,4,1,0.75,195.17,0.00
104.21.0.251,4,1,0.75,196.67,0.00
104.21.80.8,4,1,0.75,197.48,0.00
104.21.219.131,4,1,0.75,197.75,0.00
104.21.23.66,4,1,0.75,197.89,0.00
104.21.86.147,4,1,0.75,198.21,0.00
104.21.77.149,4,1,0.75,198.56,0.00
104.21.74.59,4,1,0.75,199.18,0.00
104.21.67.242,4,1,0.75,199.44,0.00
104.21.71.162,4,1,0.75,200.07,0.00
104.21.194.139,4,1,0.75,202.52,0.00
104.21.88.20,4,1,0.75,203.02,0.00
104.21.84.253,4,1,0.75,206.01,0.00
104.21.31.38,4,1,0.75,206.67,0.00
104.24.191.40,4,1,0.75,207.26,0.00
104.21.85.149,4,1,0.75,207.39,0.00
104.21.26.20,4,1,0.75,207.50,0.00
104.21.92.225,4,1,0.75,207.74,0.00
104.21.83.77,4,1,0.75,209.34,0.00
104.20.13.25,4,1,0.75,209.61,0.00
104.21.94.171,4,1,0.75,209.89,0.00
104.20.166.158,4,1,0.75,209.96,0.00
104.21.15.243,4,1,0.75,210.70,0.00
104.20.244.179,4,1,0.75,211.37,0.00
104.24.139.152,4,1,0.75,211.48,0.00
104.25.63.170,4,1,0.75,211.79,0.00
104.21.100.217,4,1,0.75,213.06,0.00
104.24.177.3,4,1,0.75,213.19,0.00
104.24.246.54,4,1,0.75,213.37,0.00
104.25.105.247,4,1,0.75,213.40,0.00
104.25.91.126,4,1,0.75,213.66,0.00
104.20.7.173,4,1,0.75,213.72,0.00
104.27.67.131,4,1,0.75,215.11,0.00
104.20.248.42,4,1,0.75,215.57,0.00
104.25.104.248,4,1,0.75,215.70,0.00
104.25.172.177,4,1,0.75,215.74,0.00
104.20.105.235,4,1,0.75,215.94,0.00
104.25.185.178,4,1,0.75,216.21,0.00
104.24.236.57,4,1,0.75,216.36,0.00
104.20.88.237,4,1,0.75,216.47,0.00
104.27.54.126,4,1,0.75,216.60,0.00
104.20.243.98,4,1,0.75,217.23,0.00
104.20.255.114,4,1,0.75,217.27,0.00
104.25.62.130,4,1,0.75,217.41,0.00
104.25.170.101,4,1,0.75,217.50,0.00
104.20.79.212,4,1,0.75,217.63,0.00
104.20.87.169,4,1,0.75,217.65,0.00
104.25.178.44,4,1,0.75,217.76,0.00
104.25.87.132,4,1,0.75,217.82,0.00
104.20.227.215,4,1,0.75,218.10,0.00
104.20.149.43,4,1,0.75,218.29,0.00
104.20.70.58,4,1,0.75,218.34,0.00
104.20.101.183,4,1,0.75,218.37,0.00
104.20.186.73,4,1,0.75,218.46,0.00
104.20.84.52,4,1,0.75,218.76,0.00
104.20.167.1,4,1,0.75,219.02,0.00
104.20.165.254,4,1,0.75,219.10,0.00
104.27.60.186,4,1,0.75,219.20,0.00
104.27.34.81,4,1,0.75,219.29,0.00
104.20.139.62,4,1,0.75,219.80,0.00
104.20.75.69,4,1,0.75,219.82,0.00
104.25.186.243,4,1,0.75,219.94,0.00
104.20.14.156,4,1,0.75,220.03,0.00
104.24.33.192,4,1,0.75,220.14,0.00
104.24.94.107,4,1,0.75,220.14,0.00
104.24.204.246,4,1,0.75,220.41,0.00
104.24.30.217,4,1,0.75,220.42,0.00
104.24.186.186,4,1,0.75,220.53,0.00
104.20.247.55,4,1,0.75,220.62,0.00
104.27.59.130,4,1,0.75,220.62,0.00
104.20.228.101,4,1,0.75,220.76,0.00
104.20.161.90,4,1,0.75,220.76,0.00
104.24.172.171,4,1,0.75,220.78,0.00
104.27.61.98,4,1,0.75,220.90,0.00
104.24.183.159,4,1,0.75,220.92,0.00
104.20.223.85,4,1,0.75,220.95,0.00
104.25.103.165,4,1,0.75,220.98,0.00
104.20.143.74,4,1,0.75,221.03,0.00
104.24.46.165,4,1,0.75,221.17,0.00
104.20.69.182,4,1,0.75,221.39,0.00
104.23.124.15,4,1,0.75,221.43,0.00
104.25.101.111,4,1,0.75,221.51,0.00
104.20.253.241,4,1,0.75,221.51,0.00
104.23.130.162,4,1,0.75,221.52,0.00
104.20.93.99,4,1,0.75,221.71,0.00
104.20.229.66,4,1,0.75,221.72,0.00
104.20.148.124,4,1,0.75,221.75,0.00
104.25.95.216,4,1,0.75,221.76,0.00
104.20.140.49,4,1,0.75,221.84,0.00
104.22.58.164,4,1,0.75,222.15,0.00
104.25.67.176,4,1,0.75,222.19,0.00
104.27.40.192,4,1,0.75,222.26,0.00
104.20.245.177,4,1,0.75,222.33,0.00
104.25.92.248,4,1,0.75,222.48,0.00
104.20.1.189,4,1,0.75,222.58,0.00
104.24.169.214,4,1,0.75,222.70,0.00
104.20.17.36,4,1,0.75,222.88,0.00
104.20.249.170,4,1,0.75,223.02,0.00
104.24.171.91,4,1,0.75,223.38,0.00
104.25.175.210,4,1,0.75,223.56,0.00
104.20.4.252,4,1,0.75,223.75,0.00
104.24.196.166,4,1,0.75,224.03,0.00
104.20.240.81,4,1,0.75,224.23,0.00
104.20.112.154,4,1,0.75,224.65,0.00
104.24.28.56,4,1,0.75,224.73,0.00
104.24.215.131,4,1,0.75,224.80,0.00
104.22.57.1,4,1,0.75,224.91,0.00
104.24.185.205,4,1,0.75,224.94,0.00
104.20.219.153,4,1,0.75,225.10,0.00
104.23.123.52,4,1,0.75,225.22,0.00
104.22.65.208,4,1,0.75,225.27,0.00
104.20.163.122,4,1,0.75,225.32,0.00
104.23.132.140,4,1,0.75,225.36,0.00
104.20.83.12,4,1,0.75,225.72,0.00
104.20.220.228,4,1,0.75,226.13,0.00
104.23.133.237,4,1,0.75,226.39,0.00
104.23.126.38,4,1,0.75,226.39,0.00
104.22.46.148,4,1,0.75,226.42,0.00
104.25.102.230,4,1,0.75,226.70,0.00
104.24.148.20,4,1,0.75,227.53,0.00
104.24.187.213,4,1,0.75,227.70,0.00
104.25.174.47,4,1,0.75,227.70,0.00
104.25.169.221,4,1,0.75,227.97,0.00
104.20.158.187,4,1,0.75,227.99,0.00
104.25.164.94,4,1,0.75,227.99,0.00
104.27.51.32,4,1,0.75,228.05,0.00
104.27.43.108,4,1,0.75,228.09,0.00
104.20.72.57,4,1,0.75,228.33,0.00
104.25.93.114,4,1,0.75,228.45,0.00
104.25.99.91,4,1,0.75,228.81,0.00
104.20.251.1,4,1,0.75,229.03,0.00
104.19.24.1,4,1,0.75,229.26,0.00
104.20.150.182,4,1,0.75,229.28,0.00
104.20.2.17,4,1,0.75,229.29,0.00
104.20.225.2,4,1,0.75,229.52,0.00
104.25.118.128,4,1,0.75,229.64,0.00
104.24.239.51,4,1,0.75,229.68,0.00
104.20.254.240,4,1,0.75,229.78,0.00
104.20.40.28,4,1,0.75,229.82,0.00
104.27.69.52,4,1,0.75,229.82,0.00
104.22.59.61,4,1,0.75,229.95,0.00
104.19.74.199,4,1,0.75,230.01,0.00
104.23.119.59,4,1,0.75,230.10,0.00
104.20.230.120,4,1,0.75,230.18,0.00
104.25.109.127,4,1,0.75,230.43,0.00
104.20.16.28,4,1,0.75,230.57,0.00
104.25.208.206,4,1,0.75,230.75,0.00
104.26.15.143,4,1,0.75,230.76,0.00
104.25.202.77,4,1,0.75,231.19,0.00
104.25.207.205,4,1,0.75,231.33,0.00
104.25.196.154,4,1,0.75,231.72,0.00
104.23.125.66,4,1,0.75,231.82,0.00
104.23.128.158,4,1,0.75,231.84,0.00
104.25.189.234,4,1,0.75,232.38,0.00
104.22.49.132,4,1,0.75,232.39,0.00
104.22.63.236,4,1,0.75,232.76,0.00
104.22.48.166,4,1,0.75,232.90,0.00
104.27.48.9,4,1,0.75,232.93,0.00
104.25.209.120,4,1,0.75,232.99,0.00
104.20.252.140,4,1,0.75,233.17,0.00
104.20.250.236,4,1,0.75,233.25,0.00
104.25.40.239,4,1,0.75,233.72,0.00
104.20.12.169,4,1,0.75,233.91,0.00
104.25.188.148,4,1,0.75,233.95,0.00
104.23.112.87,4,1,0.75,234.02,0.00
104.17.119.129,4,1,0.75,234.71,0.00
104.25.199.19,4,1,0.75,234.85,0.00
104.20.137.138,4,1,0.75,235.08,0.00
104.25.225.59,4,1,0.75,235.21,0.00
104.25.192.82,4,1,0.75,235.24,0.00
104.24.45.227,4,1,0.75,235.74,0.00
104.25.205.60,4,1,0.75,235.88,0.00
104.23.117.229,4,1,0.75,235.89,0.00
104.25.203.89,4,1,0.75,236.39,0.00
104.20.5.97,4,1,0.75,236.52,0.00
104.20.92.81,4,1,0.75,236.55,0.00
104.25.206.125,4,1,0.75,236.59,0.00
104.20.77.83,4,1,0.75,237.57,0.00
104.25.234.64,4,1,0.75,238.19,0.00
104.27.89.192,4,1,0.75,238.36,0.00
104.20.62.24,4,1,0.75,238.40,0.00
104.20.42.163,4,1,0.75,239.12,0.00
104.20.234.201,4,1,0.75,239.13,0.00
104.24.95.27,4,1,0.75,239.82,0.00
104.24.178.225,4,1,0.75,239.90,0.00
104.25.200.116,4,1,0.75,240.03,0.00
104.24.132.213,4,1,0.75,240.10,0.00
104.27.37.52,4,1,0.75,240.85,0.00
104.27.98.173,4,1,0.75,240.96,0.00
104.24.221.157,4,1,0.75,241.30,0.00
104.19.177.11,4,1,0.75,241.64,0.00
104.25.204.207,4,1,0.75,241.68,0.00
104.24.13.150,4,1,0.75,242.50,0.00
104.20.144.114,4,1,0.75,244.18,0.00
104.25.197.47,4,1,0.75,245.06,0.00
104.25.17.44,4,1,0.75,245.37,0.00
104.24.235.142,4,1,0.75,245.55,0.00
104.20.159.40,4,1,0.75,245.93,0.00
104.24.244.250,4,1,0.75,246.01,0.00
104.20.242.229,4,1,0.75,246.88,0.00
104.25.193.53,4,1,0.75,246.90,0.00
104.20.226.16,4,1,0.75,248.80,0.00
104.20.160.149,4,1,0.75,251.17,0.00
104.25.88.130,4,1,0.75,251.61,0.00
104.24.200.111,4,1,0.75,251.81,0.00
104.25.194.98,4,1,0.75,252.27,0.00
104.24.240.113,4,1,0.75,254.94,0.00
104.17.82.2,4,1,0.75,273.04,0.00
104.18.202.228,4,1,0.75,281.14,0.00
104.17.151.46,4,1,0.75,283.92,0.00
104.18.8.5,4,1,0.75,285.12,0.00
104.19.121.61,4,1,0.75,287.56,0.00
104.18.168.222,4,1,0.75,301.09,0.00
104.17.32.209,4,1,0.75,303.24,0.00
104.19.146.39,4,1,0.75,304.59,0.00
104.19.20.0,4,1,0.75,305.70,0.00
104.16.209.78,4,1,0.75,306.39,0.00
104.17.127.144,4,1,0.75,308.36,0.00
104.17.138.246,4,1,0.75,309.08,0.00
104.17.124.227,4,1,0.75,311.60,0.00
104.17.114.118,4,1,0.75,313.51,0.00
104.19.228.1,4,1,0.75,313.73,0.00
104.19.165.200,4,1,0.75,314.21,0.00
104.18.40.54,4,1,0.75,314.25,0.00
104.17.128.57,4,1,0.75,314.66,0.00
104.18.38.17,4,1,0.75,315.56,0.00
104.18.90.252,4,1,0.75,321.98,0.00
104.18.89.167,4,1,0.75,322.13,0.00
104.18.111.143,4,1,0.75,322.70,0.00
104.19.230.87,4,1,0.75,329.88,0.00
104.17.111.234,4,1,0.75,330.69,0.00
104.18.93.6,4,1,0.75,334.08,0.00
104.18.191.45,4,1,0.75,337.16,0.00
104.18.77.161,4,1,0.75,338.30,0.00
104.17.121.62,4,1,0.75,339.42,0.00
104.18.252.24,4,1,0.75,339.66,0.00
104.18.218.179,4,1,0.75,340.29,0.00
104.18.145.31,4,1,0.75,343.16,0.00
104.18.185.73,4,1,0.75,347.79,0.00
104.16.168.177,4,1,0.75,349.49,0.00
104.16.134.9,4,1,0.75,351.14,0.00
104.18.188.185,4,1,0.75,351.87,0.00
104.19.156.154,4,1,0.75,351.98,0.00
104.16.7.179,4,1,0.75,353.92,0.00
104.19.168.77,4,1,0.75,354.29,0.00
104.16.153.100,4,1,0.75,358.28,0.00
104.16.5.197,4,1,0.75,360.41,0.00
104.16.34.196,4,1,0.75,362.66,0.00
104.16.188.109,4,1,0.75,363.57,0.00
104.18.183.86,4,1,0.75,364.42,0.00
104.18.195.138,4,1,0.75,364.49,0.00
104.19.163.160,4,1,0.75,364.54,0.00
104.17.22.74,4,1,0.75,365.42,0.00
104.18.181.207,4,1,0.75,366.19,0.00
104.19.148.193,4,1,0.75,366.54,0.00
104.17.143.107,4,1,0.75,366.63,0.00
104.19.232.43,4,1,0.75,367.02,0.00
104.18.78.99,4,1,0.75,367.54,0.00
104.16.139.88,4,1,0.75,367.85,0.00
104.16.29.54,4,1,0.75,368.15,0.00
104.16.158.129,4,1,0.75,368.49,0.00
104.18.198.175,4,1,0.75,369.59,0.00
104.19.162.188,4,1,0.75,371.01,0.00
104.18.201.4,4,1,0.75,371.37,0.00
104.16.58.80,4,1,0.75,371.81,0.00
104.17.207.49,4,1,0.75,372.39,0.00
104.17.19.110,4,1,0.75,372.48,0.00
104.17.141.155,4,1,0.75,372.93,0.00
104.19.157.198,4,1,0.75,373.12,0.00
104.17.152.15,4,1,0.75,373.84,0.00
104.17.23.143,4,1,0.75,373.91,0.00
104.16.187.251,4,1,0.75,373.97,0.00
104.17.16.107,4,1,0.75,374.49,0.00
104.16.224.165,4,1,0.75,374.92,0.00
104.16.196.14,4,1,0.75,375.17,0.00
104.18.6.94,4,1,0.75,375.62,0.00
104.16.192.40,4,1,0.75,375.80,0.00
104.16.16.55,4,1,0.75,376.40,0.00
104.18.32.122,4,1,0.75,376.42,0.00
104.17.18.254,4,1,0.75,376.64,0.00
104.19.159.117,4,1,0.75,377.74,0.00
104.17.113.71,4,1,0.75,377.92,0.00
104.16.14.248,4,1,0.75,377.95,0.00
104.19.229.85,4,1,0.75,378.16,0.00
104.18.249.132,4,1,0.75,378.86,0.00
104.18.251.69,4,1,0.75,378.97,0.00
104.17.120.244,4,1,0.75,379.21,0.00
104.18.206.120,4,1,0.75,379.63,0.00
104.19.147.48,4,1,0.75,380.08,0.00
104.17.93.238,4,1,0.75,380.16,0.00
104.16.175.215,4,1,0.75,380.54,0.00
104.17.112.39,4,1,0.75,381.07,0.00
104.17.158.188,4,1,0.75,381.44,0.00
104.19.171.35,4,1,0.75,381.47,0.00
104.16.3.221,4,1,0.75,381.65,0.00
104.16.194.251,4,1,0.75,381.77,0.00
104.16.172.235,4,1,0.75,381.85,0.00
104.18.194.186,4,1,0.75,381.94,0.00
104.18.199.161,4,1,0.75,382.32,0.00
104.18.214.19,4,1,0.75,382.70,0.00
104.18.14.16,4,1,0.75,384.26,0.00
104.18.79.59,4,1,0.75,384.35,0.00
104.16.181.124,4,1,0.75,385.01,0.00
104.18.200.85,4,1,0.75,385.12,0.00
104.17.162.78,4,1,0.75,385.95,0.00
104.16.165.151,4,1,0.75,386.62,0.00
104.17.21.137,4,1,0.75,388.60,0.00
104.18.196.233,4,1,0.75,388.71,0.00
104.16.176.193,4,1,0.75,388.88,0.00
104.18.130.13,4,1,0.75,389.88,0.00
104.18.190.97,4,1,0.75,390.08,0.00
104.18.173.147,4,1,0.75,390.43,0.00
104.19.235.64,4,1,0.75,390.72,0.00
104.16.41.194,4,1,0.75,390.95,0.00
104.17.116.215,4,1,0.75,391.29,0.00
104.19.120.206,4,1,0.75,391.41,0.00
104.17.20.181,4,1,0.75,392.14,0.00
104.17.26.36,4,1,0.75,392.63,0.00
104.16.142.197,4,1,0.75,393.42,0.00
104.17.14.56,4,1,0.75,393.65,0.00
104.17.12.100,4,1,0.75,393.79,0.00
104.16.174.14,4,1,0.75,394.05,0.00
104.16.71.136,4,1,0.75,394.16,0.00
104.17.17.29,4,1,0.75,394.29,0.00
104.17.205.137,4,1,0.75,395.42,0.00
104.16.242.159,4,1,0.75,395.88,0.00
104.16.63.69,4,1,0.75,396.66,0.00
104.18.180.190,4,1,0.75,397.07,0.00
104.16.159.135,4,1,0.75,397.30,0.00
104.16.157.127,4,1,0.75,397.88,0.00
104.16.95.252,4,1,0.75,398.67,0.00
104.16.90.108,4,1,0.75,398.80,0.00
104.16.182.24,4,1,0.75,398.80,0.00
104.16.130.160,4,1,0.75,398.80,0.00
104.17.166.251,4,1,0.75,398.82,0.00
104.17.91.112,4,1,0.75,399.43,0.00
104.16.27.87,4,1,0.75,399.55,0.00
104.16.171.149,4,1,0.75,400.43,0.00
104.16.161.56,4,1,0.75,400.64,0.00
104.19.166.26,4,1,0.75,400.91,0.00
104.16.54.177,4,1,0.75,400.97,0.00
104.16.45.102,4,1,0.75,401.60,0.00
104.16.103.211,4,1,0.75,402.46,0.00
104.17.155.121,4,1,0.75,405.10,0.00
104.16.10.155,4,1,0.75,405.20,0.00
104.16.148.90,4,1,0.75,405.35,0.00
104.17.95.93,4,1,0.75,406.06,0.00
104.16.151.97,4,1,0.75,406.34,0.00
104.16.59.209,4,1,0.75,406.46,0.00
104.16.155.31,4,1,0.75,406.72,0.00
104.16.68.8,4,1,0.75,409.03,0.00
104.16.79.91,4,1,0.75,409.97,0.00
104.16.193.113,4,1,0.75,409.98,0.00
104.16.92.61,4,1,0.75,410.48,0.00
104.16.99.247,4,1,0.75,410.93,0.00
104.16.108.68,4,1,0.75,414.56,0.00
104.16.6.48,4,1,0.75,416.39,0.00
104.16.4.57,4,1,0.75,416.90,0.00
104.16.146.156,4,1,0.75,418.24,0.00
104.18.35.75,4,1,0.75,418.96,0.00
104.16.198.228,4,1,0.75,419.20,0.00
104.16.199.90,4,1,0.75,419.32,0.00
104.16.100.222,4,1,0.75,420.22,0.00
104.19.1.226,4,1,0.75,420.49,0.00
104.16.26.156,4,1,0.75,420.95,0.00
104.16.106.242,4,1,0.75,421.84,0.00
104.16.163.243,4,1,0.75,422.48,0.00
104.16.20.81,4,1,0.75,423.60,0.00
104.16.190.51,4,1,0.75,424.47,0.00
104.16.173.32,4,1,0.75,426.09,0.00
104.16.86.188,4,1,0.75,430.18,0.00
104.16.77.87,4,1,0.75,430.68,0.00
104.16.32.22,4,1,0.75,430.68,0.00
104.16.44.54,4,1,0.75,431.32,0.00
104.16.35.196,4,1,0.75,432.22,0.00
104.16.135.245,4,1,0.75,433.38,0.00
104.16.15.212,4,1,0.75,433.93,0.00
104.16.38.121,4,1,0.75,433.93,0.00
104.16.42.70,4,1,0.75,435.13,0.00
104.16.46.231,4,1,0.75,436.27,0.00
104.16.49.160,4,1,0.75,437.74,0.00
104.16.18.243,4,1,0.75,440.89,0.00
104.16.28.192,4,1,0.75,442.81,0.00
104.16.88.90,4,1,0.75,444.26,0.00
104.16.40.243,4,1,0.75,444.26,0.00
104.16.52.161,4,1,0.75,446.64,0.00
104.16.67.111,4,1,0.75,446.64,0.00
104.16.101.14,4,1,0.75,449.29,0.00
104.16.60.32,4,1,0.75,454.44,0.00
104.16.69.27,4,1,0.75,455.45,0.00
104.16.75.48,4,1,0.75,458.38,0.00
104.16.83.204,4,1,0.75,462.75,0.00
104.19.10.10,4,1,0.75,476.40,0.00
104.19.94.113,4,1,0.75,492.57,0.00
104.19.89.97,4,1,0.75,515.17,0.00
104.19.90.208,4,1,0.75,535.47,0.00
104.19.59.46,4,1,0.75,598.79,0.00
